Country,Year,Gini coefficient (after tax),Mean income per year,Number below 60% of median
Albania,1990,0.4296,,
Albania,1991,0.4306,,
Albania,1992,0.4333,,
Albania,1993,0.4382,,
Albania,1994,0.441,,
Albania,1995,0.4457,,
Albania,1996,0.447,,468949.0
Albania,1997,0.4492,,
Albania,1998,0.4489,,
Albania,1999,0.4478,,
Albania,2000,0.4449,,
Albania,2001,0.447,,
Albania,2002,0.4502,,488789.0
Albania,2003,0.4501,,
Albania,2004,0.4432,,
Albania,2005,0.4424,,502189.0
Albania,2006,0.442,,
Albania,2007,0.435,,
Albania,2008,0.4426,,416140.0
Albania,2009,0.4367,,
Albania,2010,0.4388,,
Albania,2011,0.4418,,
Albania,2012,0.4406,,430501.0
Albania,2013,0.4589,,
Albania,2014,0.4688,,642412.0
Albania,2015,0.4634,,540449.0
Albania,2016,0.4785,3862.677105,577118.0
Albania,2017,0.4651,4043.774045,550249.0
Albania,2018,0.4589,4232.6308850000005,534536.0
Albania,2019,0.4477,,452479.0
Albania,2020,0.4475,,462832.0
Albania,2021,0.4519,,
Albania,2022,0.458,,
Albania,2023,0.4552,,
Albania,2024,0.4559,,
Andorra,1990,0.3741,,
Andorra,1991,0.3721,,
Andorra,1992,0.3815,,
Andorra,1993,0.3923,,
Andorra,1994,0.4017,,
Andorra,1995,0.3983,,
Andorra,1996,0.3992,,
Andorra,1997,0.4074,,
Andorra,1998,0.4074,,
Andorra,1999,0.4086,,
Andorra,2000,0.4155,,
Andorra,2001,0.4123,,
Andorra,2002,0.4067,,
Andorra,2003,0.4149,,
Andorra,2004,0.4272,,
Andorra,2005,0.4259,,
Andorra,2006,0.429,,
Andorra,2007,0.4235,,
Andorra,2008,0.4065,,
Andorra,2009,0.3994,,
Andorra,2010,0.4194,,
Andorra,2011,0.4209,,
Andorra,2012,0.4169,,
Andorra,2013,0.4204,,
Andorra,2014,0.4245,,
Andorra,2015,0.4234,,
Andorra,2016,0.4224,,
Andorra,2017,0.4206,,
Andorra,2018,0.4177,,
Andorra,2019,0.4138,,
Andorra,2020,0.414,,
Andorra,2021,0.4188,,
Andorra,2022,0.4181,,
Andorra,2023,0.4181,,
Andorra,2024,0.4181,,
Austria,1990,0.3086,,
Austria,1991,0.3041,,
Austria,1992,0.2959,,
Austria,1993,0.2983,,
Austria,1994,0.3017,22919.75233,1248851.0
Austria,1995,0.2963,22432.238255,1291050.0
Austria,1996,0.2957,21522.428305,1232795.0
Austria,1997,0.2919,21500.91995,1253498.0
Austria,1998,0.2951,22545.33168,1229203.0
Austria,1999,0.2828,23215.8469,1177373.0
Austria,2000,0.295,22562.75021,1141538.0
Austria,2001,0.2812,,
Austria,2002,0.2935,,
Austria,2003,0.2927,23946.96745,1213296.0
Austria,2004,0.2923,25271.453899999997,1255305.0
Austria,2005,0.2949,24152.91505,1210522.0
Austria,2006,0.3018,24726.441375,1208821.0
Austria,2007,0.3057,25752.96774,1436707.0
Austria,2008,0.3035,26183.609340000003,1432574.0
Austria,2009,0.2969,27114.65864,1464219.0
Austria,2010,0.3034,27388.64005,1436704.0
Austria,2011,0.3061,26875.0449,1460034.0
Austria,2012,0.2997,26260.6842,1404712.0
Austria,2013,0.2896,27547.227075000003,1347803.0
Austria,2014,0.2829,27122.56965,1480246.0
Austria,2015,0.2859,27021.2858,1568032.0
Austria,2016,0.299,28245.2768,1519840.0
Austria,2017,0.2892,27867.15359,1533806.0
Austria,2018,0.2905,28159.2536,1551459.0
Austria,2019,0.2863,28723.9013,1468884.0
Austria,2020,0.285,28798.4708,1484216.0
Austria,2021,0.2838,28745.100499999997,1587973.0
Austria,2022,0.2862,30085.7528,1585755.0
Austria,2023,0.2887,29795.4026,1619306.0
Austria,2024,0.2912,,
Belarus,1990,0.2807,,
Belarus,1991,0.2871,,
Belarus,1992,0.2914,,
Belarus,1993,0.2965,2398.3004995,
Belarus,1994,0.3554,,
Belarus,1995,0.3735,3580.618975,
Belarus,1996,0.3823,,
Belarus,1997,0.4051,,
Belarus,1998,0.4036,,1735236.0
Belarus,1999,0.4016,,1921713.0
Belarus,2000,0.3954,,1805191.0
Belarus,2001,0.3752,,1676973.0
Belarus,2002,0.3804,,1690099.0
Belarus,2003,0.384,,1588716.0
Belarus,2004,0.3664,,1327138.0
Belarus,2005,0.3715,,1515873.0
Belarus,2006,0.3727,,1546272.0
Belarus,2007,0.4055,,1510384.0
Belarus,2008,0.4048,,1419862.0
Belarus,2009,0.3967,,1407923.0
Belarus,2010,0.3898,,1420180.0
Belarus,2011,0.43,,1366302.0
Belarus,2012,0.3984,,1279616.0
Belarus,2013,0.3595,,1168159.0
Belarus,2014,0.3754,,1291983.0
Belarus,2015,0.3556,,1205083.0
Belarus,2016,0.3358,,1091424.0
Belarus,2017,0.3578,,1087526.0
Belarus,2018,0.3588,,999707.0
Belarus,2019,0.3553,,1027724.0
Belarus,2020,0.357,,983698.0
Belarus,2021,0.3575,,
Belarus,2022,0.3589,,
Belarus,2023,0.3591,,
Belarus,2024,0.3594,,
Belgium,1990,0.3167,,
Belgium,1991,0.308,,
Belgium,1992,0.3053,16374.3745,1229638.0
Belgium,1993,0.3041,,
Belgium,1994,0.3155,,
Belgium,1995,0.3068,19621.960905,1517993.0
Belgium,1996,0.2994,,
Belgium,1997,0.3005,19293.97665,1323259.0
Belgium,1998,0.3041,,
Belgium,1999,0.3113,,
Belgium,2000,0.3173,23151.83174,1325270.0
Belgium,2001,0.305,,
Belgium,2002,0.2999,,
Belgium,2003,0.2981,20752.70426,1644348.0
Belgium,2004,0.294,22393.150405,1612812.0
Belgium,2005,0.2939,22367.58106,1500663.0
Belgium,2006,0.288,21988.84465,1584436.0
Belgium,2007,0.2918,22627.82241,1594554.0
Belgium,2008,0.2716,22931.354949999997,1605610.0
Belgium,2009,0.2731,23168.908995,1616818.0
Belgium,2010,0.2791,22997.93095,1641029.0
Belgium,2011,0.27,22437.5574,1783892.0
Belgium,2012,0.271,23075.133195,1705547.0
Belgium,2013,0.2665,23027.103575,1751497.0
Belgium,2014,0.2673,23303.244325,1828607.0
Belgium,2015,0.2755,23579.0584,1895634.0
Belgium,2016,0.2769,23324.184374999997,1846279.0
Belgium,2017,0.2685,23582.12951,1749015.0
Belgium,2018,0.2675,24135.11035,1741865.0
Belgium,2019,0.2723,24972.799949999997,1647329.0
Belgium,2020,0.2633,24871.7059,1532045.0
Belgium,2021,0.2724,25855.932050000003,1553180.0
Belgium,2022,0.2742,24962.789825,1447690.0
Belgium,2023,0.2733,25522.119475,1681613.0
Belgium,2024,0.2757,,
Bosnia and Herzegovina,1990,0.3525,,
Bosnia and Herzegovina,1991,0.3631,,
Bosnia and Herzegovina,1992,0.3732,,
Bosnia and Herzegovina,1993,0.3838,,
Bosnia and Herzegovina,1994,0.3943,,
Bosnia and Herzegovina,1995,0.4053,,
Bosnia and Herzegovina,1996,0.4107,,
Bosnia and Herzegovina,1997,0.4174,,
Bosnia and Herzegovina,1998,0.4275,,
Bosnia and Herzegovina,1999,0.4301,,
Bosnia and Herzegovina,2000,0.4325,,
Bosnia and Herzegovina,2001,0.4446,,579437.0
Bosnia and Herzegovina,2002,0.4564,,
Bosnia and Herzegovina,2003,0.4539,,
Bosnia and Herzegovina,2004,0.4563,,761238.0
Bosnia and Herzegovina,2005,0.4637,,
Bosnia and Herzegovina,2006,0.4558,,
Bosnia and Herzegovina,2007,0.4568,,758382.0
Bosnia and Herzegovina,2008,0.4507,,
Bosnia and Herzegovina,2009,0.4471,,
Bosnia and Herzegovina,2010,0.4487,,
Bosnia and Herzegovina,2011,0.4464,,713924.0
Bosnia and Herzegovina,2012,0.4425,,
Bosnia and Herzegovina,2013,0.4399,,
Bosnia and Herzegovina,2014,0.4376,,
Bosnia and Herzegovina,2015,0.4417,,
Bosnia and Herzegovina,2016,0.4409,,
Bosnia and Herzegovina,2017,0.4415,,
Bosnia and Herzegovina,2018,0.4407,,
Bosnia and Herzegovina,2019,0.4386,,
Bosnia and Herzegovina,2020,0.4297,,
Bosnia and Herzegovina,2021,0.4313,,
Bosnia and Herzegovina,2022,0.435,,
Bosnia and Herzegovina,2023,0.4338,,
Bosnia and Herzegovina,2024,0.4348,,
Bulgaria,1990,0.273,,
Bulgaria,1991,0.3066,,
Bulgaria,1992,0.3419,8621.02333,1458148.0
Bulgaria,1993,0.361,,
Bulgaria,1994,0.413,,
Bulgaria,1995,0.4514,,
Bulgaria,1996,0.4317,,
Bulgaria,1997,0.4186,,
Bulgaria,1998,0.4114,,
Bulgaria,1999,0.3813,,
Bulgaria,2000,0.3752,,
Bulgaria,2001,0.3901,,
Bulgaria,2002,0.4101,,
Bulgaria,2003,0.3976,,
Bulgaria,2004,0.402,,
Bulgaria,2005,0.4171,,
Bulgaria,2006,0.4355,4489.416415,1610511.0
Bulgaria,2007,0.4163,6353.675815,1430853.0
Bulgaria,2008,0.4058,6986.024445,1415322.0
Bulgaria,2009,0.4151,7290.003380000001,1489493.0
Bulgaria,2010,0.4161,6980.990000000001,1570421.0
Bulgaria,2011,0.4211,6468.5201449999995,1462089.0
Bulgaria,2012,0.4425,6800.116805,1485209.0
Bulgaria,2013,0.4197,7593.385175,1491637.0
Bulgaria,2014,0.4356,8093.450140000001,1453850.0
Bulgaria,2015,0.4441,7724.625305,1496126.0
Bulgaria,2016,0.4724,9230.87555,1479091.0
Bulgaria,2017,0.4891,9185.69877,1404521.0
Bulgaria,2018,0.4845,10651.46869,1345721.0
Bulgaria,2019,0.4692,11004.47771,1365311.0
Bulgaria,2020,0.4623,12388.653705,1239218.0
Bulgaria,2021,0.4752,12221.45852,1245608.0
Bulgaria,2022,0.4904,12924.885425,1259839.0
Bulgaria,2023,0.4796,14385.234,1326652.0
Bulgaria,2024,0.4897,,
Croatia,1990,0.3787,,
Croatia,1991,0.3727,,
Croatia,1992,0.375,,
Croatia,1993,0.3766,,
Croatia,1994,0.3804,,
Croatia,1995,0.3834,,
Croatia,1996,0.3856,,
Croatia,1997,0.3932,,
Croatia,1998,0.3969,,
Croatia,1999,0.4002,,
Croatia,2000,0.3874,,
Croatia,2001,0.3908,,
Croatia,2002,0.3768,,
Croatia,2003,0.3726,,
Croatia,2004,0.3855,,
Croatia,2005,0.3965,,
Croatia,2006,0.3932,,
Croatia,2007,0.4014,,
Croatia,2008,0.4001,,
Croatia,2009,0.3809,9816.147575,886996.0
Croatia,2010,0.3856,9083.06953,861603.0
Croatia,2011,0.3953,8758.20858,892233.0
Croatia,2012,0.3958,8325.393769999999,851318.0
Croatia,2013,0.398,8199.839975,881231.0
Croatia,2014,0.4009,8653.728425,875011.0
Croatia,2015,0.4048,9030.87891,846644.0
Croatia,2016,0.396,9755.1798,811273.0
Croatia,2017,0.4016,10263.11234,771341.0
Croatia,2018,0.4047,11020.93118,715084.0
Croatia,2019,0.4011,11699.56984,672534.0
Croatia,2020,0.3907,12186.447355,703640.0
Croatia,2021,0.3939,12939.96175,668549.0
Croatia,2022,0.3999,13186.47034,666323.0
Croatia,2023,0.3987,15094.254529999998,686527.0
Croatia,2024,0.3988,,
Cyprus,1990,0.4359,,
Cyprus,1991,0.4382,,
Cyprus,1992,0.4343,,
Cyprus,1993,0.4296,,
Cyprus,1994,0.4299,,
Cyprus,1995,0.4174,,
Cyprus,1996,0.4126,,
Cyprus,1997,0.3925,,
Cyprus,1998,0.4368,,
Cyprus,1999,0.3961,,
Cyprus,2000,0.3887,,
Cyprus,2001,0.3964,,
Cyprus,2002,0.4096,,
Cyprus,2003,0.392,,
Cyprus,2004,0.3548,18206.924525,148661.0
Cyprus,2005,0.3454,19439.866055,143491.0
Cyprus,2006,0.3543,21353.78845,147649.0
Cyprus,2007,0.3948,21394.557855,153398.0
Cyprus,2008,0.3498,21229.7213,163477.0
Cyprus,2009,0.3633,20998.45,159065.0
Cyprus,2010,0.3397,21328.06544,159914.0
Cyprus,2011,0.3861,21229.938475,155820.0
Cyprus,2012,0.3902,20050.148975,177833.0
Cyprus,2013,0.4254,19243.68038,179035.0
Cyprus,2014,0.4039,17934.990400000002,197348.0
Cyprus,2015,0.3964,18274.054595,200655.0
Cyprus,2016,0.3818,18885.0489,189072.0
Cyprus,2017,0.3389,19277.1246,195899.0
Cyprus,2018,0.3406,20755.712955,180472.0
Cyprus,2019,0.3185,20902.59735,187089.0
Cyprus,2020,0.3002,21451.09745,190217.0
Cyprus,2021,0.2967,22010.144225,201454.0
Cyprus,2022,0.3161,21731.887205,188136.0
Cyprus,2023,0.3089,23131.94435,188132.0
Cyprus,2024,0.3088,,
Czechia,1990,0.175,,
Czechia,1991,0.1928,,
Czechia,1992,0.2207,7612.350575,644797.0
Czechia,1993,0.2455,8247.850615000001,837751.0
Czechia,1994,0.2732,,
Czechia,1995,0.2693,,
Czechia,1996,0.2806,9337.37817,1134583.0
Czechia,1997,0.2639,,
Czechia,1998,0.2772,,
Czechia,1999,0.2711,,
Czechia,2000,0.2645,,
Czechia,2001,0.2606,,
Czechia,2002,0.2478,10313.62104,1322475.0
Czechia,2003,0.2496,,
Czechia,2004,0.2628,11099.97485,1364068.0
Czechia,2005,0.2631,11397.047985,1363626.0
Czechia,2006,0.2691,12025.573605,1274486.0
Czechia,2007,0.2701,12661.38864,1121228.0
Czechia,2008,0.2868,12972.806275,1088706.0
Czechia,2009,0.2621,13160.643305,1162180.0
Czechia,2010,0.268,13137.155555,1336249.0
Czechia,2011,0.2571,13123.174595,1379711.0
Czechia,2012,0.2681,12902.11052,1320665.0
Czechia,2013,0.2526,12987.57235,1293778.0
Czechia,2014,0.2656,13290.695725,1164688.0
Czechia,2015,0.2744,13839.0845,1149275.0
Czechia,2016,0.2603,14352.53511,1045359.0
Czechia,2017,0.2628,14834.97678,991550.0
Czechia,2018,0.2537,15536.99515,969168.0
Czechia,2019,0.2525,16258.68483,966085.0
Czechia,2020,0.2455,16535.47017,1119901.0
Czechia,2021,0.2459,17440.81909,1114329.0
Czechia,2022,0.2474,16336.013,1103899.0
Czechia,2023,0.2461,15822.5164,1363637.0
Czechia,2024,0.2469,,
Denmark,1990,0.1714,,
Denmark,1991,0.1671,,
Denmark,1992,0.1623,19649.95969,542862.0
Denmark,1993,0.1536,,
Denmark,1994,0.1529,,
Denmark,1995,0.1565,20365.333045,457838.0
Denmark,1996,0.1588,,
Denmark,1997,0.1666,,
Denmark,1998,0.1703,,
Denmark,1999,0.1804,,
Denmark,2000,0.1783,21750.63981,520529.0
Denmark,2001,0.1769,,
Denmark,2002,0.1734,,
Denmark,2003,0.1626,21247.85669,589146.0
Denmark,2004,0.1668,21620.15012,579210.0
Denmark,2005,0.1759,21869.082675,557440.0
Denmark,2006,0.1939,22557.9198,548792.0
Denmark,2007,0.1904,22972.38679,554185.0
Denmark,2008,0.1961,22731.41525,572125.0
Denmark,2009,0.1753,23063.75359,678026.0
Denmark,2010,0.1931,24207.32925,644781.0
Denmark,2011,0.1914,23821.3673,628628.0
Denmark,2012,0.196,23679.4115,606550.0
Denmark,2013,0.2026,24256.3524,675346.0
Denmark,2014,0.1909,24423.312525,632289.0
Denmark,2015,0.1988,24659.59126,611387.0
Denmark,2016,0.206,25074.507200000004,696817.0
Denmark,2017,0.2096,25681.489425000003,713456.0
Denmark,2018,0.2195,25930.9432,703529.0
Denmark,2019,0.2138,25929.477725,623684.0
Denmark,2020,0.2142,26666.1189,667189.0
Denmark,2021,0.2196,27341.1718,715462.0
Denmark,2022,0.2233,26230.445774999997,694266.0
Denmark,2023,0.2245,26525.938825,656715.0
Denmark,2024,0.2245,,
East Germany,1990,0.23570733,,
Estonia,1990,0.3633,,
Estonia,1991,0.4032,,
Estonia,1992,0.416,,
Estonia,1993,0.4418,4867.071695000001,327513.0
Estonia,1994,0.4526,,
Estonia,1995,0.4525,,
Estonia,1996,0.4667,,
Estonia,1997,0.4693,,
Estonia,1998,0.45,,
Estonia,1999,0.4443,,
Estonia,2000,0.4696,,
Estonia,2001,0.4643,,
Estonia,2002,0.4813,,
Estonia,2003,0.4938,6138.479845,266679.0
Estonia,2004,0.4691,6676.071555,233743.0
Estonia,2005,0.495,7728.340639999999,218217.0
Estonia,2006,0.4657,8999.12537,209401.0
Estonia,2007,0.4476,10126.415095,202226.0
Estonia,2008,0.4143,10474.599545,204429.0
Estonia,2009,0.3932,9862.07516,215968.0
Estonia,2010,0.4163,9270.54959,231722.0
Estonia,2011,0.4362,9609.1141,217732.0
Estonia,2012,0.4481,10162.16064,216336.0
Estonia,2013,0.4582,11068.13444,220742.0
Estonia,2014,0.4508,11957.86428,217936.0
Estonia,2015,0.4215,12785.7602,204208.0
Estonia,2016,0.4165,13597.58663,198994.0
Estonia,2017,0.4133,14376.76965,203330.0
Estonia,2018,0.4044,15236.9177,204664.0
Estonia,2019,0.4425,16043.356,195600.0
Estonia,2020,0.4349,16761.6176,192268.0
Estonia,2021,0.4439,18986.38969,190273.0
Estonia,2022,0.4564,16138.739625,204588.0
Estonia,2023,0.4431,15986.1167,182480.0
Estonia,2024,0.4489,,
Finland,1990,0.224,,
Finland,1991,0.1949,16458.01571,426056.0
Finland,1992,0.1862,,
Finland,1993,0.1977,,
Finland,1994,0.215,,
Finland,1995,0.2242,15298.151195,408036.0
Finland,1996,0.2179,,
Finland,1997,0.2365,,
Finland,1998,0.2405,,
Finland,1999,0.2455,,
Finland,2000,0.246,17748.75645,607587.0
Finland,2001,0.2569,,
Finland,2002,0.2547,,
Finland,2003,0.2548,18818.74738,628107.0
Finland,2004,0.2595,19727.106455,613076.0
Finland,2005,0.2511,20395.387145,611187.0
Finland,2006,0.2614,20712.26591,666617.0
Finland,2007,0.2605,21479.540805,664834.0
Finland,2008,0.2699,21724.211255,625825.0
Finland,2009,0.2613,22150.5725,661723.0
Finland,2010,0.2698,22484.54677,667945.0
Finland,2011,0.2664,22612.88661,662132.0
Finland,2012,0.2577,22667.07013,650335.0
Finland,2013,0.2515,22578.1335,684693.0
Finland,2014,0.2538,22461.331675,660083.0
Finland,2015,0.2599,22666.7774,668214.0
Finland,2016,0.2562,22924.24548,670032.0
Finland,2017,0.2619,23402.89334,674662.0
Finland,2018,0.2656,23771.01555,675313.0
Finland,2019,0.2601,24187.7762,716790.0
Finland,2020,0.26,24177.649275,647335.0
Finland,2021,0.2607,24674.93221,707669.0
Finland,2022,0.2616,24033.70386,677141.0
Finland,2023,0.2451,23529.031499999997,707615.0
Finland,2024,0.2483,,
France,1990,0.3126,17448.31035,10483533.0
France,1991,0.3068,,
France,1992,0.3019,,
France,1993,0.2971,,
France,1994,0.2979,,
France,1995,0.2957,,
France,1996,0.3001,18639.245125,11347555.0
France,1997,0.3031,18761.3139,11243664.0
France,1998,0.2903,19242.768245,10984251.0
France,1999,0.2869,19774.75465,11192069.0
France,2000,0.2906,20254.74425,11268682.0
France,2001,0.2886,20786.208705,11198882.0
France,2002,0.2923,21304.04625,10662110.0
France,2003,0.295,19777.389219999997,9677290.0
France,2004,0.2995,20099.55866,9764091.0
France,2005,0.3003,19853.72605,9368960.0
France,2006,0.2927,19585.679905,10105493.0
France,2007,0.3002,23790.6781,9981687.0
France,2008,0.3017,23999.9399,10863094.0
France,2009,0.2914,24205.10129,11173887.0
France,2010,0.2895,24309.5402,11193941.0
France,2011,0.2872,24436.4069,10620092.0
France,2012,0.2735,24224.30175,11016708.0
France,2013,0.2677,23989.3768,10644939.0
France,2014,0.2662,24261.5646,11092784.0
France,2015,0.2748,24574.60685,11307537.0
France,2016,0.2691,24662.4003,11150626.0
France,2017,0.2702,24522.484849999997,10976426.0
France,2018,0.2735,24927.733399999997,10715868.0
France,2019,0.2695,23508.0294,12226488.0
France,2020,0.2588,24013.412050000003,12179695.0
France,2021,0.2698,24079.32375,12353962.0
France,2022,0.2714,24119.6891,12326896.0
France,2023,0.2725,24382.63145,12765896.0
France,2024,0.2731,,
Germany,1990,0.3232,,
Germany,1991,0.3072,21187.951795,11999468.0
Germany,1992,0.2959,21501.286775,11485541.0
Germany,1993,0.2913,21583.1289,11360912.0
Germany,1994,0.2914,21104.34307,12822719.0
Germany,1995,0.2828,21336.75025,12649588.0
Germany,1996,0.296,21570.84081,12067089.0
Germany,1997,0.3031,21238.84265,12078018.0
Germany,1998,0.3165,21938.856805,11279753.0
Germany,1999,0.3138,22579.35552,11696666.0
Germany,2000,0.3175,22949.76628,11912590.0
Germany,2001,0.3218,22950.836825,11521586.0
Germany,2002,0.3283,23356.57338,11736516.0
Germany,2003,0.3185,23181.96395,11755939.0
Germany,2004,0.3285,23382.40005,12169979.0
Germany,2005,0.3541,23427.13445,13188168.0
Germany,2006,0.3536,23641.0573,12356276.0
Germany,2007,0.371,23887.970675,12540272.0
Germany,2008,0.3637,23736.7968,12109761.0
Germany,2009,0.3636,23914.2525,12689564.0
Germany,2010,0.3649,24007.285159999996,12670752.0
Germany,2011,0.3678,24157.663699999997,12035384.0
Germany,2012,0.365,24119.4263,13064970.0
Germany,2013,0.377,24332.3162,13098143.0
Germany,2014,0.3778,24298.854825,13562502.0
Germany,2015,0.3746,25239.37405,13475432.0
Germany,2016,0.37,25742.9682,14199759.0
Germany,2017,0.3657,25824.32086,14044263.0
Germany,2018,0.3608,26752.496150000003,14300705.0
Germany,2019,0.3639,27192.1277,14110450.0
Germany,2020,0.3569,29066.69835,14342006.0
Germany,2021,0.3599,,
Germany,2022,0.3612,,
Germany,2023,0.3604,,
Germany,2024,0.3636,,
Greece,1990,0.4409,,
Greece,1991,0.4312,,
Greece,1992,0.4222,,
Greece,1993,0.4365,,
Greece,1994,0.4403,,
Greece,1995,0.4402,11179.55507,2480830.0
Greece,1996,0.4441,,
Greece,1997,0.4581,,
Greece,1998,0.4614,,
Greece,1999,0.4576,,
Greece,2000,0.4695,12670.530795,2403436.0
Greece,2001,0.4696,,
Greece,2002,0.4439,14666.117925,2342032.0
Greece,2003,0.4332,14352.348595,2226130.0
Greece,2004,0.4401,15126.469795,2219807.0
Greece,2005,0.4393,15292.20571,2219321.0
Greece,2006,0.4265,15432.88036,2406442.0
Greece,2007,0.4173,15881.719400000002,2280608.0
Greece,2008,0.3923,16136.85294,2175488.0
Greece,2009,0.383,16381.87014,2215039.0
Greece,2010,0.3998,14202.42375,2405330.0
Greece,2011,0.3892,11784.92874,2600586.0
Greece,2012,0.3888,10230.11488,2692796.0
Greece,2013,0.4142,9770.636455,2617501.0
Greece,2014,0.4141,9736.58232,2527060.0
Greece,2015,0.4139,9895.522665,2553189.0
Greece,2016,0.3957,10103.8716,2393914.0
Greece,2017,0.3846,10255.490775,2317703.0
Greece,2018,0.3684,10610.796375,2223047.0
Greece,2019,0.3651,11280.66153,2230732.0
Greece,2020,0.364,11410.401875,2259721.0
Greece,2021,0.3751,12172.2171,2159391.0
Greece,2022,0.3838,12084.831355,1972994.0
Greece,2023,0.3833,12497.937625,2019481.0
Greece,2024,0.3829,,
Hungary,1990,0.1838,,
Hungary,1991,0.2058,7160.71965,1475833.0
Hungary,1992,0.2446,,
Hungary,1993,0.249,5930.24187,1205719.0
Hungary,1994,0.2497,6458.917725,1827380.0
Hungary,1995,0.2427,,
Hungary,1996,0.2344,,
Hungary,1997,0.2477,,
Hungary,1998,0.2502,,
Hungary,1999,0.2644,5884.78258,1635766.0
Hungary,2000,0.2676,,
Hungary,2001,0.284,,
Hungary,2002,0.2972,,
Hungary,2003,0.3001,,
Hungary,2004,0.2974,7122.4019499999995,1696552.0
Hungary,2005,0.3106,7851.969425,1957256.0
Hungary,2006,0.3193,7641.7495,1569286.0
Hungary,2007,0.3184,7454.552315,1609875.0
Hungary,2008,0.3106,7621.705889999999,1629356.0
Hungary,2009,0.3144,7261.389205,1658671.0
Hungary,2010,0.3218,7556.639895,1769380.0
Hungary,2011,0.3255,7640.83116,1712622.0
Hungary,2012,0.3183,7231.632944999999,1887274.0
Hungary,2013,0.3344,7483.135464999999,1892848.0
Hungary,2014,0.3278,7864.537104999999,1932053.0
Hungary,2015,0.3308,8253.79391,1770057.0
Hungary,2016,0.3321,8614.900819999999,1889605.0
Hungary,2017,0.3346,9057.78087,1672520.0
Hungary,2018,0.3434,,
Hungary,2019,0.3525,,
Hungary,2020,0.3423,,
Hungary,2021,0.3431,,
Hungary,2022,0.3506,,
Hungary,2023,0.3504,,
Hungary,2024,0.3517,,
Iceland,1990,0.3129,,
Iceland,1991,0.3134,,
Iceland,1992,0.3114,,
Iceland,1993,0.3095,,
Iceland,1994,0.3142,,
Iceland,1995,0.3094,,
Iceland,1996,0.3076,,
Iceland,1997,0.3076,,
Iceland,1998,0.3011,,
Iceland,1999,0.2957,,
Iceland,2000,0.2896,,
Iceland,2001,0.296,,
Iceland,2002,0.3009,,
Iceland,2003,0.2859,19662.098495,34104.0
Iceland,2004,0.2732,20108.70629,28941.0
Iceland,2005,0.262,20976.9442,35112.0
Iceland,2006,0.2639,24042.09156,35193.0
Iceland,2007,0.2779,25393.584725,37436.0
Iceland,2008,0.2041,26461.07139,41587.0
Iceland,2009,0.1919,22211.93411,41405.0
Iceland,2010,0.1999,19718.32492,38895.0
Iceland,2011,0.2063,19706.76683,42516.0
Iceland,2012,0.2129,20117.19838,42275.0
Iceland,2013,0.2363,20555.633095,38135.0
Iceland,2014,0.2265,21687.909450000003,40262.0
Iceland,2015,0.2375,23157.401275,42152.0
Iceland,2016,0.1987,25088.333399999996,41084.0
Iceland,2017,0.21,25998.068525,41903.0
Iceland,2018,0.2024,24323.0963,50745.0
Iceland,2019,0.2002,24941.22015,46538.0
Iceland,2020,0.1848,,
Iceland,2021,0.1901,,
Iceland,2022,0.1925,,
Iceland,2023,0.1964,,
Iceland,2024,0.1944,,
Ireland,1990,0.2886,,
Ireland,1991,0.2818,,
Ireland,1992,0.2686,,
Ireland,1993,0.2763,,
Ireland,1994,0.2808,10660.18708,707804.0
Ireland,1995,0.2886,11002.47897,703627.0
Ireland,1996,0.2695,11525.851375,708252.0
Ireland,1997,0.2771,,
Ireland,1998,0.2992,,
Ireland,1999,0.2962,,
Ireland,2000,0.3129,14410.33213,664163.0
Ireland,2001,0.3046,,
Ireland,2002,0.2968,15863.934045000002,668235.0
Ireland,2003,0.2981,16275.987655,716927.0
Ireland,2004,0.2989,16904.67789,709895.0
Ireland,2005,0.3075,17747.73372,693510.0
Ireland,2006,0.3118,18924.7609,708001.0
Ireland,2007,0.299,18791.990325,688865.0
Ireland,2008,0.2794,17362.00829,697320.0
Ireland,2009,0.2615,17080.345455000002,804767.0
Ireland,2010,0.2756,16419.31695,816181.0
Ireland,2011,0.2793,15980.22998,823963.0
Ireland,2012,0.2678,16101.829000000002,874008.0
Ireland,2013,0.2734,16065.626475,880467.0
Ireland,2014,0.2876,16853.98085,781530.0
Ireland,2015,0.3089,17388.77812,770797.0
Ireland,2016,0.2937,18575.698989999997,733794.0
Ireland,2017,0.2906,19736.04275,716101.0
Ireland,2018,0.2951,20208.317345,668705.0
Ireland,2019,0.3029,20766.2735,652597.0
Ireland,2020,0.2806,21689.828255,678079.0
Ireland,2021,0.293,22134.67894,687922.0
Ireland,2022,0.3026,21701.54366,664942.0
Ireland,2023,0.3098,21592.426545,623346.0
Ireland,2024,0.3104,,
Italy,1990,0.3004,,
Italy,1991,0.301,15143.2076,10925803.0
Italy,1992,0.291,,
Italy,1993,0.2907,14779.55226,13194873.0
Italy,1994,0.3119,,
Italy,1995,0.2927,14669.08647,12641314.0
Italy,1996,0.2912,,
Italy,1997,0.2897,,
Italy,1998,0.3112,15907.9045,12644849.0
Italy,1999,0.3068,,
Italy,2000,0.3177,16213.37446,12238433.0
Italy,2001,0.3122,,
Italy,2002,0.3245,16221.969480000002,12408713.0
Italy,2003,0.3099,19912.508205,11650042.0
Italy,2004,0.3277,20485.4498,11554736.0
Italy,2005,0.3253,20168.270275,12003650.0
Italy,2006,0.3274,20557.4789,11890475.0
Italy,2007,0.3241,20684.614605,11715168.0
Italy,2008,0.3193,20384.9434,12156143.0
Italy,2009,0.314,20609.325325,12064708.0
Italy,2010,0.3265,20235.25544,12237809.0
Italy,2011,0.33,19933.43256,12628949.0
Italy,2012,0.3226,19033.874,12777749.0
Italy,2013,0.3278,18817.35235,12892248.0
Italy,2014,0.3285,18737.567,13025456.0
Italy,2015,0.3342,19205.532405,13702495.0
Italy,2016,0.3428,19664.521,13423175.0
Italy,2017,0.3476,20008.24588,13576458.0
Italy,2018,0.3521,20093.36534,12957648.0
Italy,2019,0.3485,20866.08275,12752508.0
Italy,2020,0.3379,20808.521155,13014016.0
Italy,2021,0.3354,21564.551495,12417426.0
Italy,2022,0.3378,21264.1481,12627324.0
Italy,2023,0.339,20990.81785,12508876.0
Italy,2024,0.3407,,
Kosovo,1990,0.4268,,
Kosovo,1991,0.4261,,
Kosovo,1992,0.425,,
Kosovo,1993,0.4243,,
Kosovo,1994,0.4245,,
Kosovo,1995,0.4257,,
Kosovo,1996,0.4268,,
Kosovo,1997,0.4273,,
Kosovo,1998,0.4272,,
Kosovo,1999,0.4263,,
Kosovo,2000,0.4257,,
Kosovo,2001,0.4281,,
Kosovo,2002,0.4279,,
Kosovo,2003,0.4288,,
Kosovo,2004,0.4296,,
Kosovo,2005,0.4322,,
Kosovo,2006,0.4277,,
Kosovo,2007,0.4277,,
Kosovo,2008,0.438,,
Kosovo,2009,0.4179,,
Kosovo,2010,0.4418,,
Kosovo,2011,0.4312,,
Kosovo,2012,0.4371,,
Kosovo,2013,0.4259,,
Kosovo,2014,0.428,,
Kosovo,2015,0.406,,
Kosovo,2016,0.4004,,
Kosovo,2017,0.4085,3991.446185,500470.0
Kosovo,2018,0.4051,3424.3131999999996,553021.0
Kosovo,2019,0.3997,4610.986965,429755.0
Kosovo,2020,0.388,6534.27599,511754.0
Kosovo,2021,0.3875,4344.9886525,576947.0
Kosovo,2022,0.3991,4506.344385,475797.0
Kosovo,2023,0.3999,,
Kosovo,2024,0.4008,,
Latvia,1990,0.2816,,
Latvia,1991,0.2966,,
Latvia,1992,0.3154,,
Latvia,1993,0.3482,3558.34996,354093.0
Latvia,1994,0.367,,
Latvia,1995,0.3596,4214.420305000001,427057.0
Latvia,1996,0.3941,4087.454325,429178.0
Latvia,1997,0.393,,
Latvia,1998,0.391,,
Latvia,1999,0.3964,,
Latvia,2000,0.4063,,
Latvia,2001,0.4107,,
Latvia,2002,0.4216,,
Latvia,2003,0.4348,,
Latvia,2004,0.4379,5612.045455,403340.0
Latvia,2005,0.4561,6423.472575000001,431159.0
Latvia,2006,0.4259,7626.457825,380362.0
Latvia,2007,0.4498,9924.82815,485223.0
Latvia,2008,0.4284,9664.66929,464414.0
Latvia,2009,0.4357,7957.71832,450117.0
Latvia,2010,0.4165,7517.92471,470891.0
Latvia,2011,0.4246,7680.551920000001,422674.0
Latvia,2012,0.4337,7889.847299999999,410669.0
Latvia,2013,0.4333,8733.59809,371408.0
Latvia,2014,0.4222,9572.239975,363416.0
Latvia,2015,0.4129,10286.472705,337861.0
Latvia,2016,0.4029,10804.07811,369077.0
Latvia,2017,0.4212,11714.210355,369847.0
Latvia,2018,0.4204,12755.034500000002,361286.0
Latvia,2019,0.4206,13248.512675,340248.0
Latvia,2020,0.4172,14283.23694,361557.0
Latvia,2021,0.4125,14929.285845,354507.0
Latvia,2022,0.4155,13864.9265,350415.0
Latvia,2023,0.4129,14606.603945,332694.0
Latvia,2024,0.4144,,
Liechtenstein,1990,0.3741,,
Liechtenstein,1991,0.3721,,
Liechtenstein,1992,0.3815,,
Liechtenstein,1993,0.3923,,
Liechtenstein,1994,0.4017,,
Liechtenstein,1995,0.3983,,
Liechtenstein,1996,0.3992,,
Liechtenstein,1997,0.4074,,
Liechtenstein,1998,0.4074,,
Liechtenstein,1999,0.4086,,
Liechtenstein,2000,0.4155,,
Liechtenstein,2001,0.4123,,
Liechtenstein,2002,0.4067,,
Liechtenstein,2003,0.4149,,
Liechtenstein,2004,0.4272,,
Liechtenstein,2005,0.4259,,
Liechtenstein,2006,0.429,,
Liechtenstein,2007,0.4235,,
Liechtenstein,2008,0.4065,,
Liechtenstein,2009,0.3994,,
Liechtenstein,2010,0.4194,,
Liechtenstein,2011,0.4209,,
Liechtenstein,2012,0.4169,,
Liechtenstein,2013,0.4204,,
Liechtenstein,2014,0.4245,,
Liechtenstein,2015,0.4234,,
Liechtenstein,2016,0.4224,,
Liechtenstein,2017,0.4206,,
Liechtenstein,2018,0.4177,,
Liechtenstein,2019,0.4138,,
Liechtenstein,2020,0.414,,
Liechtenstein,2021,0.4188,,
Liechtenstein,2022,0.4181,,
Liechtenstein,2023,0.4181,,
Liechtenstein,2024,0.4181,,
Lithuania,1990,0.3535,,
Lithuania,1991,0.3749,,
Lithuania,1992,0.3935,,
Lithuania,1993,0.4098,2372.519345,618311.0
Lithuania,1994,0.4559,,
Lithuania,1995,0.4415,,
Lithuania,1996,0.4333,,
Lithuania,1997,0.4247,,
Lithuania,1998,0.4106,,
Lithuania,1999,0.402,,
Lithuania,2000,0.4321,,
Lithuania,2001,0.435,,
Lithuania,2002,0.431,,
Lithuania,2003,0.4253,,
Lithuania,2004,0.4659,5741.67557,731551.0
Lithuania,2005,0.4623,6650.5051300000005,659676.0
Lithuania,2006,0.4404,8282.489115,555947.0
Lithuania,2007,0.467,9828.186005,582601.0
Lithuania,2008,0.4716,10521.29874,589525.0
Lithuania,2009,0.4781,8718.992615000001,695351.0
Lithuania,2010,0.4447,7844.76615,700961.0
Lithuania,2011,0.4482,8577.63286,596222.0
Lithuania,2012,0.4605,9236.11695,609141.0
Lithuania,2013,0.4673,9647.348215,581030.0
Lithuania,2014,0.5026,10540.53424,610690.0
Lithuania,2015,0.4685,11604.2698,565242.0
Lithuania,2016,0.4638,12414.710325000002,626882.0
Lithuania,2017,0.474,13220.34015,552597.0
Lithuania,2018,0.4555,14196.052675,526731.0
Lithuania,2019,0.5787,15625.89017,527295.0
Lithuania,2020,0.5731,17777.961925,471730.0
Lithuania,2021,0.5717,18333.2857,502320.0
Lithuania,2022,0.5801,17090.69795,523317.0
Lithuania,2023,0.5787,16982.918925,537662.0
Lithuania,2024,0.5789,,
Luxembourg,1990,0.3483,25072.729649999997,52495.0
Luxembourg,1991,0.36,25158.0995,53071.0
Luxembourg,1992,0.374,26181.35145,52776.0
Luxembourg,1993,0.3683,26224.69885,48538.0
Luxembourg,1994,0.3568,24990.1849,58354.0
Luxembourg,1995,0.3513,25587.9016,56087.0
Luxembourg,1996,0.3558,25665.92546,66097.0
Luxembourg,1997,0.3716,26574.74115,61630.0
Luxembourg,1998,0.3891,27111.83865,70931.0
Luxembourg,1999,0.3806,28053.22621,69938.0
Luxembourg,2000,0.3875,27998.3908,68657.0
Luxembourg,2001,0.3728,28785.90385,68407.0
Luxembourg,2002,0.3628,30546.260525,70258.0
Luxembourg,2003,0.3563,29856.611275,70812.0
Luxembourg,2004,0.3959,30663.88725,76569.0
Luxembourg,2005,0.397,31697.65704,77210.0
Luxembourg,2006,0.4009,31330.189639999997,79215.0
Luxembourg,2007,0.4371,31739.779499999997,79708.0
Luxembourg,2008,0.4028,31644.32105,86637.0
Luxembourg,2009,0.368,31529.681849999997,97269.0
Luxembourg,2010,0.3807,30936.126150000004,93277.0
Luxembourg,2011,0.3765,30575.130200000003,102564.0
Luxembourg,2012,0.4099,30994.705,109654.0
Luxembourg,2013,0.3832,30791.60075,107036.0
Luxembourg,2014,0.3777,31079.2974,98945.0
Luxembourg,2015,0.3622,29026.8221,105707.0
Luxembourg,2016,0.375,31450.3856,107313.0
Luxembourg,2017,0.3857,31512.026800000003,126299.0
Luxembourg,2018,0.3646,33093.85285,129126.0
Luxembourg,2019,0.3505,33309.21745,128438.0
Luxembourg,2020,0.345,36809.20975,132296.0
Luxembourg,2021,0.3562,36717.55971,135803.0
Luxembourg,2022,0.3584,37692.6083,150689.0
Luxembourg,2023,0.3392,38725.023575,136878.0
Luxembourg,2024,0.3416,,
Malta,1990,0.3726,,
Malta,1991,0.3761,,
Malta,1992,0.3692,,
Malta,1993,0.3674,,
Malta,1994,0.3701,,
Malta,1995,0.3772,,
Malta,1996,0.3699,,
Malta,1997,0.37,,
Malta,1998,0.3788,,
Malta,1999,0.3743,,
Malta,2000,0.3686,,
Malta,2001,0.3692,,
Malta,2002,0.3681,,
Malta,2003,0.3647,,
Malta,2004,0.3618,,
Malta,2005,0.3594,,
Malta,2006,0.3579,13654.55656,66035.0
Malta,2007,0.3681,14882.921355,70485.0
Malta,2008,0.3662,15269.25524,71270.0
Malta,2009,0.375,14976.342375,70070.0
Malta,2010,0.3712,15164.850275,69473.0
Malta,2011,0.3809,15472.7807,70035.0
Malta,2012,0.3901,16027.3471,70402.0
Malta,2013,0.3909,16888.72885,65259.0
Malta,2014,0.3942,17884.23715,70455.0
Malta,2015,0.4056,17970.758575,71097.0
Malta,2016,0.3956,19108.412109999997,70244.0
Malta,2017,0.4076,19240.3399,76502.0
Malta,2018,0.3961,19722.0523,79977.0
Malta,2019,0.4106,21484.21025,75197.0
Malta,2020,0.4039,22445.074575,82588.0
Malta,2021,0.409,23553.747475,80074.0
Malta,2022,0.4128,23888.28275,97080.0
Malta,2023,0.4088,,
Malta,2024,0.4086,,
Moldova,1990,0.3518,,
Moldova,1991,0.3792,,
Moldova,1992,0.4063,,
Moldova,1993,0.437,,
Moldova,1994,0.4323,,
Moldova,1995,0.4489,,
Moldova,1996,0.4694,,
Moldova,1997,0.4814,,603220.0
Moldova,1998,0.479,,669223.0
Moldova,1999,0.4788,,612751.0
Moldova,2000,0.476,,579893.0
Moldova,2001,0.4805,,588305.0
Moldova,2002,0.4786,,603575.0
Moldova,2003,0.4838,,503296.0
Moldova,2004,0.4697,,562926.0
Moldova,2005,0.4795,,571763.0
Moldova,2006,0.477,,571169.0
Moldova,2007,0.4758,,560895.0
Moldova,2008,0.4867,,526961.0
Moldova,2009,0.4824,,533430.0
Moldova,2010,0.4794,,461387.0
Moldova,2011,0.478,,436710.0
Moldova,2012,0.4679,,402460.0
Moldova,2013,0.4689,,396921.0
Moldova,2014,0.4634,,342182.0
Moldova,2015,0.4638,,324418.0
Moldova,2016,0.4536,,286533.0
Moldova,2017,0.4532,,302171.0
Moldova,2018,0.4476,,264440.0
Moldova,2019,0.454,,277622.0
Moldova,2020,0.4479,,260504.0
Moldova,2021,0.4534,,274555.0
Moldova,2022,0.4525,,249614.0
Moldova,2023,0.4629,,257772.0
Moldova,2024,0.4641,,
Monaco,1990,0.3741,,
Monaco,1991,0.3721,,
Monaco,1992,0.3815,,
Monaco,1993,0.3923,,
Monaco,1994,0.4017,,
Monaco,1995,0.3983,,
Monaco,1996,0.3992,,
Monaco,1997,0.4074,,
Monaco,1998,0.4074,,
Monaco,1999,0.4086,,
Monaco,2000,0.4155,,
Monaco,2001,0.4123,,
Monaco,2002,0.4067,,
Monaco,2003,0.4149,,
Monaco,2004,0.4272,,
Monaco,2005,0.4259,,
Monaco,2006,0.429,,
Monaco,2007,0.4235,,
Monaco,2008,0.4065,,
Monaco,2009,0.3994,,
Monaco,2010,0.4194,,
Monaco,2011,0.4209,,
Monaco,2012,0.4169,,
Monaco,2013,0.4204,,
Monaco,2014,0.4245,,
Monaco,2015,0.4234,,
Monaco,2016,0.4224,,
Monaco,2017,0.4206,,
Monaco,2018,0.4177,,
Monaco,2019,0.4138,,
Monaco,2020,0.414,,
Monaco,2021,0.4188,,
Monaco,2022,0.4181,,
Monaco,2023,0.4181,,
Monaco,2024,0.4181,,
Montenegro,1990,0.3667,,
Montenegro,1991,0.3703,,
Montenegro,1992,0.3718,,
Montenegro,1993,0.3726,,
Montenegro,1994,0.3768,,
Montenegro,1995,0.382,,
Montenegro,1996,0.3824,,
Montenegro,1997,0.3824,,
Montenegro,1998,0.3843,,
Montenegro,1999,0.3639,,
Montenegro,2000,0.424,,
Montenegro,2001,0.3956,,
Montenegro,2002,0.4078,,
Montenegro,2003,0.42,,
Montenegro,2004,0.4289,,
Montenegro,2005,0.4365,,
Montenegro,2006,0.4399,,
Montenegro,2007,0.4463,,
Montenegro,2008,0.4576,,
Montenegro,2009,0.4546,,
Montenegro,2010,0.4643,,
Montenegro,2011,0.4728,,
Montenegro,2012,0.4751,6205.40807,176366.0
Montenegro,2013,0.4752,6155.139540000001,172161.0
Montenegro,2014,0.4728,6377.68588,167685.0
Montenegro,2015,0.5014,6460.7701,165608.0
Montenegro,2016,0.4696,7059.18395,154889.0
Montenegro,2017,0.4626,6959.5535500000005,151547.0
Montenegro,2018,0.4778,6766.88173,161452.0
Montenegro,2019,0.4777,7072.8477250000005,148621.0
Montenegro,2020,0.4623,6964.296725,143686.0
Montenegro,2021,0.4605,7532.493685,141943.0
Montenegro,2022,0.4571,,
Montenegro,2023,0.4565,,
Montenegro,2024,0.4564,,
Netherlands,1990,0.25,19811.113395,2017624.0
Netherlands,1991,0.2474,,
Netherlands,1992,0.2488,,
Netherlands,1993,0.2502,18271.631725000003,2210499.0
Netherlands,1994,0.2654,,
Netherlands,1995,0.2707,,
Netherlands,1996,0.2685,,
Netherlands,1997,0.2699,,
Netherlands,1998,0.2601,,
Netherlands,1999,0.2639,21561.32964,1976369.0
Netherlands,2000,0.2634,,
Netherlands,2001,0.2791,,
Netherlands,2002,0.2779,,
Netherlands,2003,0.2854,,
Netherlands,2004,0.29,21725.503355,2378159.0
Netherlands,2005,0.2937,21957.30865,2285480.0
Netherlands,2006,0.2937,23322.92695,2234970.0
Netherlands,2007,0.3015,24437.6917,2192743.0
Netherlands,2008,0.2747,24407.019289999997,2304050.0
Netherlands,2009,0.2696,24053.456199999997,2391920.0
Netherlands,2010,0.2792,23759.02384,2379594.0
Netherlands,2011,0.2864,23485.1658,2296654.0
Netherlands,2012,0.2906,23159.386875,2191441.0
Netherlands,2013,0.2899,22690.748775,2329625.0
Netherlands,2014,0.2948,23059.41155,2294249.0
Netherlands,2015,0.2873,24436.0054,2329025.0
Netherlands,2016,0.286,25246.34774,2397161.0
Netherlands,2017,0.29,25446.85465,2335357.0
Netherlands,2018,0.2852,25501.091825,2395488.0
Netherlands,2019,0.2803,26478.1877,2551161.0
Netherlands,2020,0.2798,27094.5924,2381361.0
Netherlands,2021,0.2871,27556.001675000003,2253016.0
Netherlands,2022,0.2979,,
Netherlands,2023,0.3058,,
Netherlands,2024,0.3056,,
North Macedonia,1990,0.3335,,
North Macedonia,1991,0.3509,,
North Macedonia,1992,0.3692,,
North Macedonia,1993,0.3875,,
North Macedonia,1994,0.4075,,
North Macedonia,1995,0.4301,,
North Macedonia,1996,0.4819,,
North Macedonia,1997,0.4511,,
North Macedonia,1998,0.4415,,
North Macedonia,1999,0.4374,,
North Macedonia,2000,0.4253,,
North Macedonia,2001,0.4432,,
North Macedonia,2002,0.4373,,
North Macedonia,2003,0.4449,,
North Macedonia,2004,0.4432,,
North Macedonia,2005,0.4445,,
North Macedonia,2006,0.4416,,
North Macedonia,2007,0.4431,,
North Macedonia,2008,0.4554,,
North Macedonia,2009,0.4587,4396.34616,541500.0
North Macedonia,2010,0.4622,4396.71189,524802.0
North Macedonia,2011,0.4637,4542.366235,504357.0
North Macedonia,2012,0.4522,4568.162975,489440.0
North Macedonia,2013,0.4449,4569.41602,466418.0
North Macedonia,2014,0.4302,4865.741635,448207.0
North Macedonia,2015,0.4209,5077.33396,472976.0
North Macedonia,2016,0.42,5381.9848600000005,475610.0
North Macedonia,2017,0.4204,5603.74645,469290.0
North Macedonia,2018,0.4042,5752.871215,459465.0
North Macedonia,2019,0.403,6284.10572,456983.0
North Macedonia,2020,0.4005,,
North Macedonia,2021,0.4011,,
North Macedonia,2022,0.4042,,
North Macedonia,2023,0.4036,,
North Macedonia,2024,0.4069,,
Norway,1990,0.1651,,
Norway,1991,0.1551,17304.6719,436802.0
Norway,1992,0.165,,
Norway,1993,0.181,,
Norway,1994,0.1948,,
Norway,1995,0.1965,17558.90681,468450.0
Norway,1996,0.2144,,
Norway,1997,0.2246,,
Norway,1998,0.2031,,
Norway,1999,0.2153,,
Norway,2000,0.2219,21397.0884,437467.0
Norway,2001,0.1995,,
Norway,2002,0.2048,,
Norway,2003,0.2092,22771.753955,507529.0
Norway,2004,0.2255,24062.33081,517722.0
Norway,2005,0.2632,24653.97245,499266.0
Norway,2006,0.2273,23685.14784,603673.0
Norway,2007,0.2347,26178.265375000003,512097.0
Norway,2008,0.2305,27117.21875,588286.0
Norway,2009,0.2118,27145.343460000004,579730.0
Norway,2010,0.2279,27227.467,601589.0
Norway,2011,0.2329,28567.905410000003,653976.0
Norway,2012,0.24,29226.23766,652873.0
Norway,2013,0.2474,30671.055849999997,629062.0
Norway,2014,0.2593,31158.675410000003,675385.0
Norway,2015,0.2515,31532.503300000004,683604.0
Norway,2016,0.2514,31373.52755,738549.0
Norway,2017,0.2553,30763.295,718183.0
Norway,2018,0.2556,31005.270290000004,706350.0
Norway,2019,0.2418,31840.41365,727577.0
Norway,2020,0.2576,30803.390249999997,779513.0
Norway,2021,0.2734,31785.935575,741540.0
Norway,2022,0.2927,30957.45675,726022.0
Norway,2023,0.2853,31660.519750000003,731287.0
Norway,2024,0.2834,,
Poland,1990,0.2618,,
Poland,1991,0.2609,,
Poland,1992,0.2559,6640.51362,6038619.0
Poland,1993,0.2589,,
Poland,1994,0.287,,
Poland,1995,0.3187,5465.08003,7910841.0
Poland,1996,0.3219,,
Poland,1997,0.3228,,
Poland,1998,0.3256,,
Poland,1999,0.3406,6544.386855,7344509.0
Poland,2000,0.3622,,
Poland,2001,0.3643,,
Poland,2002,0.3728,,
Poland,2003,0.3865,,
Poland,2004,0.3928,7082.974284999999,9040680.0
Poland,2005,0.3977,7500.705104999999,8469452.0
Poland,2006,0.3969,8020.405975,7907496.0
Poland,2007,0.3919,9012.776005,7317262.0
Poland,2008,0.3986,9718.210045,7230778.0
Poland,2009,0.3948,9883.17435,7445029.0
Poland,2010,0.3928,10082.378575,7405768.0
Poland,2011,0.4023,10159.821355,7539725.0
Poland,2012,0.3975,10108.43118,7659179.0
Poland,2013,0.3959,10357.67216,7450198.0
Poland,2014,0.4019,10646.8894,7434682.0
Poland,2015,0.4039,11193.615235,7449595.0
Poland,2016,0.3987,11980.766205,6068706.0
Poland,2017,0.3939,12310.57692,6132890.0
Poland,2018,0.3968,13233.229759999998,6256573.0
Poland,2019,0.3957,14491.07378,5676413.0
Poland,2020,0.3952,14852.31355,5938316.0
Poland,2021,0.3947,15699.646449999998,5763880.0
Poland,2022,0.3998,15867.607405,5499171.0
Poland,2023,0.395,16079.937395,5572986.0
Poland,2024,0.3972,,
Portugal,1990,0.3768,,
Portugal,1991,0.3785,,
Portugal,1992,0.3863,,
Portugal,1993,0.4019,,
Portugal,1994,0.4163,,
Portugal,1995,0.4123,,
Portugal,1996,0.3966,,
Portugal,1997,0.4012,,
Portugal,1998,0.3965,,
Portugal,1999,0.3963,,
Portugal,2000,0.3891,,
Portugal,2001,0.4098,,
Portugal,2002,0.3959,,
Portugal,2003,0.3918,12055.119625,2024717.0
Portugal,2004,0.4046,12453.83431,1930705.0
Portugal,2005,0.3969,12417.22773,1753910.0
Portugal,2006,0.4009,12637.73445,1822900.0
Portugal,2007,0.3989,12730.59045,2012933.0
Portugal,2008,0.3797,12617.857645,1980976.0
Portugal,2009,0.3688,12898.56126,1933140.0
Portugal,2010,0.3781,12676.71864,1894102.0
Portugal,2011,0.3837,12138.8634,1868281.0
Portugal,2012,0.3806,11429.36253,1938149.0
Portugal,2013,0.3797,11402.469695,2105467.0
Portugal,2014,0.3829,11606.03348,1997722.0
Portugal,2015,0.3802,12217.34205,2011315.0
Portugal,2016,0.3837,12528.40965,1806848.0
Portugal,2017,0.3873,12616.67395,1761892.0
Portugal,2018,0.3766,13315.567555,1745619.0
Portugal,2019,0.3696,14232.591,1667757.0
Portugal,2020,0.3655,14765.61072,1783306.0
Portugal,2021,0.3583,14752.30501,1745782.0
Portugal,2022,0.3613,14911.89104,1851981.0
Portugal,2023,0.3636,14989.528,1815692.0
Portugal,2024,0.3638,,
Romania,1990,0.2707,,
Romania,1991,0.2766,,
Romania,1992,0.2871,4594.3148599999995,3558416.0
Romania,1993,0.3115,,
Romania,1994,0.3253,1965.715676,3653654.0
Romania,1995,0.3763,3769.863445,4083150.0
Romania,1996,0.3777,,
Romania,1997,0.3906,3455.1648250000003,3777081.0
Romania,1998,0.4017,,
Romania,1999,0.3957,,
Romania,2000,0.3966,,
Romania,2001,0.397,,
Romania,2002,0.4209,,
Romania,2003,0.4566,,
Romania,2004,0.4519,,
Romania,2005,0.4733,,
Romania,2006,0.4717,3987.899845,5589678.0
Romania,2007,0.5066,4343.881425,5089083.0
Romania,2008,0.498,4890.801805,4707687.0
Romania,2009,0.4949,4995.339994999999,4682963.0
Romania,2010,0.4583,4775.7928600000005,4849489.0
Romania,2011,0.4647,4476.931955,4948894.0
Romania,2012,0.4876,4506.76012,5130952.0
Romania,2013,0.4762,4537.8245400000005,5213739.0
Romania,2014,0.4897,4707.89264,5260428.0
Romania,2015,0.484,5079.186334999999,5040724.0
Romania,2016,0.4496,5784.832805,4959043.0
Romania,2017,0.461,7247.64148,5063483.0
Romania,2018,0.4846,8159.25526,4587649.0
Romania,2019,0.4765,8835.65136,4871481.0
Romania,2020,0.4814,9905.711275,4679785.0
Romania,2021,0.4759,10878.6206,4441418.0
Romania,2022,0.4784,11074.68546,4273194.0
Romania,2023,0.4794,11919.241805,3832817.0
Romania,2024,0.483,,
Russia,1990,0.3086,,
Russia,1991,0.3153,,
Russia,1992,0.4119,,
Russia,1993,0.4355,,39887907.0
Russia,1994,0.5156,,
Russia,1995,0.5284,,
Russia,1996,0.5994,,39831367.0
Russia,1997,0.561,,32927449.0
Russia,1998,0.5294,,33585149.0
Russia,1999,0.5503,,33621747.0
Russia,2000,0.5848,,32690029.0
Russia,2001,0.5906,,31175240.0
Russia,2002,0.5778,,30428919.0
Russia,2003,0.5845,,32404006.0
Russia,2004,0.5768,,32973238.0
Russia,2005,0.5705,,32295912.0
Russia,2006,0.5835,,32593073.0
Russia,2007,0.5761,,32156640.0
Russia,2008,0.593,,30768890.0
Russia,2009,0.5736,,29854206.0
Russia,2010,0.5376,,30036052.0
Russia,2011,0.5626,,29276394.0
Russia,2012,0.5427,,29506987.0
Russia,2013,0.5582,,29418660.0
Russia,2014,0.5421,15556.52995,28483322.0
Russia,2015,0.5321,14296.3054,27193847.0
Russia,2016,0.5317,13779.84573,28230655.0
Russia,2017,0.5316,13350.8751,26965828.0
San Marino,1990,0.3741,,
San Marino,1991,0.3721,,
San Marino,1992,0.3815,,
San Marino,1993,0.3923,,
San Marino,1994,0.4017,,
San Marino,1995,0.3983,,
San Marino,1996,0.3992,,
San Marino,1997,0.4074,,
San Marino,1998,0.4074,,
San Marino,1999,0.4086,,
San Marino,2000,0.4155,,
San Marino,2001,0.4123,,
San Marino,2002,0.4067,,
San Marino,2003,0.4149,,
San Marino,2004,0.4272,,
San Marino,2005,0.4259,,
San Marino,2006,0.429,,
San Marino,2007,0.4235,,
San Marino,2008,0.4065,,
San Marino,2009,0.3994,,
San Marino,2010,0.4194,,
San Marino,2011,0.4209,,
San Marino,2012,0.4169,,
San Marino,2013,0.4204,,
San Marino,2014,0.4245,,
San Marino,2015,0.4234,,
San Marino,2016,0.4224,,
San Marino,2017,0.4206,,
San Marino,2018,0.4177,,
San Marino,2019,0.4138,,
San Marino,2020,0.414,,
San Marino,2021,0.4188,,
San Marino,2022,0.4181,,
San Marino,2023,0.4181,,
San Marino,2024,0.4181,,
Serbia,1990,0.3955,,
Serbia,1991,0.3957,,
Serbia,1992,0.3942,,
Serbia,1993,0.3933,,
Serbia,1994,0.3971,,
Serbia,1995,0.4024,,
Serbia,1996,0.4034,,
Serbia,1997,0.4051,,
Serbia,1998,0.4066,,
Serbia,1999,0.3916,,
Serbia,2000,0.4609,,
Serbia,2001,0.4204,,
Serbia,2002,0.4256,,
Serbia,2003,0.4188,,
Serbia,2004,0.4407,,
Serbia,2005,0.4536,,
Serbia,2006,0.4658,,
Serbia,2007,0.4634,,
Serbia,2008,0.4557,,
Serbia,2009,0.4438,,
Serbia,2010,0.4487,,
Serbia,2011,0.4603,,
Serbia,2012,0.4675,5664.508365000001,1831129.0
Serbia,2013,0.4803,5190.4233699999995,1882261.0
Serbia,2014,0.5042,5229.02942,1893792.0
Serbia,2015,0.4928,5367.27098,1830732.0
Serbia,2016,0.5051,5484.691845,1785538.0
Serbia,2017,0.4586,5517.42906,1691608.0
Serbia,2018,0.4377,6280.534925,1605718.0
Serbia,2019,0.4486,7114.73768,1452078.0
Serbia,2020,0.4527,7665.190895000001,1435849.0
Serbia,2021,0.4469,7994.86364,1258193.0
Serbia,2022,0.4586,8020.39831,1362652.0
Serbia,2023,0.468,,
Serbia,2024,0.4697,,
Slovakia,1990,0.1919,,
Slovakia,1991,0.2083,,
Slovakia,1992,0.1986,6295.677680000001,397593.0
Slovakia,1993,0.2134,,
Slovakia,1994,0.228,,
Slovakia,1995,0.2178,,
Slovakia,1996,0.2385,6443.532245,779069.0
Slovakia,1997,0.2524,,
Slovakia,1998,0.2693,,
Slovakia,1999,0.2794,,
Slovakia,2000,0.2841,,
Slovakia,2001,0.2988,,
Slovakia,2002,0.3082,,
Slovakia,2003,0.2982,,
Slovakia,2004,0.34,6702.290599999999,875305.0
Slovakia,2005,0.3402,7683.221895,777400.0
Slovakia,2006,0.3427,8287.23302,720190.0
Slovakia,2007,0.3402,8593.001185000001,682918.0
Slovakia,2008,0.3286,8937.66448,680112.0
Slovakia,2009,0.3269,9505.23656,777052.0
Slovakia,2010,0.3435,9719.306505,812275.0
Slovakia,2011,0.334,10086.908225,832440.0
Slovakia,2012,0.3324,9255.93572,855429.0
Slovakia,2013,0.3458,9497.68252,884855.0
Slovakia,2014,0.3109,9260.7581,862055.0
Slovakia,2015,0.3216,9454.4125,857604.0
Slovakia,2016,0.3048,9563.83585,787801.0
Slovakia,2017,0.2861,9863.79431,758641.0
Slovakia,2018,0.2972,10421.13763,808212.0
Slovakia,2019,0.281,10687.001075,713970.0
Slovakia,2020,0.2803,10255.94447,843097.0
Slovakia,2021,0.2797,10194.867925,813026.0
Slovakia,2022,0.2778,9235.96292,875643.0
Slovakia,2023,0.2689,9288.35794,791139.0
Slovakia,2024,0.2696,,
Slovenia,1990,0.2802,,
Slovenia,1991,0.2692,,
Slovenia,1992,0.2764,,
Slovenia,1993,0.3184,9578.09494,268587.0
Slovenia,1994,0.3006,,
Slovenia,1995,0.3249,,
Slovenia,1996,0.3256,,
Slovenia,1997,0.3208,10903.71289,223283.0
Slovenia,1998,0.3271,,
Slovenia,1999,0.3334,10962.465115,222966.0
Slovenia,2000,0.3213,,
Slovenia,2001,0.3156,,
Slovenia,2002,0.3181,,
Slovenia,2003,0.323,,
Slovenia,2004,0.3221,13645.7075,230814.0
Slovenia,2005,0.3206,14126.78115,229122.0
Slovenia,2006,0.3238,14625.95661,231985.0
Slovenia,2007,0.3278,15388.88545,226956.0
Slovenia,2008,0.3269,15847.003155,212795.0
Slovenia,2009,0.3198,15950.906975,233105.0
Slovenia,2010,0.3252,15973.190225,245300.0
Slovenia,2011,0.3212,15836.79155,256523.0
Slovenia,2012,0.327,15183.124,264750.0
Slovenia,2013,0.3314,15101.79105,283759.0
Slovenia,2014,0.3297,15473.39536,271560.0
Slovenia,2015,0.3217,15531.55884,268389.0
Slovenia,2016,0.3208,15999.3005,266592.0
Slovenia,2017,0.3144,16374.241274999998,243904.0
Slovenia,2018,0.3121,17405.2075,220157.0
Slovenia,2019,0.3103,17778.6025,229158.0
Slovenia,2020,0.3018,18656.41655,221614.0
Slovenia,2021,0.3014,19639.33746,223453.0
Slovenia,2022,0.303,19650.633845,215951.0
Slovenia,2023,0.308,19969.056195,224039.0
Slovenia,2024,0.3079,,
Spain,1990,0.3954,10898.357975,6799731.0
Spain,1991,0.3893,,
Spain,1992,0.3811,,
Spain,1993,0.3742,12203.403794999998,8263039.0
Spain,1994,0.3819,12066.223655,8401656.0
Spain,1995,0.3881,12077.847445,8032780.0
Spain,1996,0.3802,12140.896449999998,8869991.0
Spain,1997,0.3747,12665.525549999998,8501031.0
Spain,1998,0.3719,13575.895045,8136502.0
Spain,1999,0.3749,14457.3507,7859701.0
Spain,2000,0.3678,15209.256904999998,8011627.0
Spain,2001,0.3648,,
Spain,2002,0.3605,,
Spain,2003,0.3604,15706.39384,8418638.0
Spain,2004,0.356,15911.16176,8716540.0
Spain,2005,0.3513,16319.88219,8617263.0
Spain,2006,0.3497,16470.374245,9000207.0
Spain,2007,0.3396,19634.91585,9334389.0
Spain,2008,0.3514,19965.76499,9812464.0
Spain,2009,0.3528,19942.040355,9828633.0
Spain,2010,0.3457,18858.02065,10217069.0
Spain,2011,0.3424,18152.7129,10799979.0
Spain,2012,0.3416,17294.52855,10677284.0
Spain,2013,0.3508,16821.466650000002,11316673.0
Spain,2014,0.354,16907.514305,10927652.0
Spain,2015,0.3557,17394.137049999998,10946170.0
Spain,2016,0.3588,18029.467,10829356.0
Spain,2017,0.3495,18224.6763,10650335.0
Spain,2018,0.3403,18327.0077,10347850.0
Spain,2019,0.3354,19150.55063,10378450.0
Spain,2020,0.3237,19204.97286,10855667.0
Spain,2021,0.3281,19731.11233,10338409.0
Spain,2022,0.3288,19726.96885,9965109.0
Spain,2023,0.3279,20020.05436,10144721.0
Spain,2024,0.3277,,
Sweden,1990,0.1872,,
Sweden,1991,0.1941,,
Sweden,1992,0.1894,14994.387245000002,996755.0
Sweden,1993,0.1905,,
Sweden,1994,0.2145,,
Sweden,1995,0.2289,14148.3782,1146128.0
Sweden,1996,0.2175,,
Sweden,1997,0.222,,
Sweden,1998,0.2187,,
Sweden,1999,0.215,,
Sweden,2000,0.2012,16464.536799999998,1018596.0
Sweden,2001,0.2085,17012.451074999997,977926.0
Sweden,2002,0.2165,17420.052050000002,1047446.0
Sweden,2003,0.2314,16021.95605,1154103.0
Sweden,2004,0.228,16448.39869,1094227.0
Sweden,2005,0.2385,16611.962489999998,1272825.0
Sweden,2006,0.2476,17600.3292,1173830.0
Sweden,2007,0.2591,18655.37265,1267463.0
Sweden,2008,0.2615,19272.02774,1297289.0
Sweden,2009,0.248,19393.11576,1337154.0
Sweden,2010,0.2689,19694.1079,1329113.0
Sweden,2011,0.262,19898.950645,1320280.0
Sweden,2012,0.2398,20365.468095,1341464.0
Sweden,2013,0.2397,20897.6808,1499417.0
Sweden,2014,0.2434,21392.673725,1408351.0
Sweden,2015,0.2433,22132.236725,1462643.0
Sweden,2016,0.2221,22479.423995,1539919.0
Sweden,2017,0.2332,22464.627625,1484793.0
Sweden,2018,0.2354,22714.68,1595719.0
Sweden,2019,0.244,23161.78675,1585722.0
Sweden,2020,0.2407,23605.962549999997,1611450.0
Sweden,2021,0.2455,23618.1937,1700655.0
Sweden,2022,0.2477,23708.1881,1732053.0
Sweden,2023,0.2427,22934.368025,1692706.0
Sweden,2024,0.2431,,
Switzerland,1990,0.2931,,
Switzerland,1991,0.2842,,
Switzerland,1992,0.2828,27968.3878,1202812.0
Switzerland,1993,0.2802,,
Switzerland,1994,0.2743,,
Switzerland,1995,0.2755,,
Switzerland,1996,0.2819,,
Switzerland,1997,0.2899,,
Switzerland,1998,0.2916,,
Switzerland,1999,0.2883,,
Switzerland,2000,0.2936,27653.462150000003,1163992.0
Switzerland,2001,0.2905,,
Switzerland,2002,0.2726,28573.8133,1292694.0
Switzerland,2003,0.2912,,
Switzerland,2004,0.2947,27609.987,1218514.0
Switzerland,2005,0.308,,
Switzerland,2006,0.3122,28939.61265,1468506.0
Switzerland,2007,0.2994,29696.7431,1403611.0
Switzerland,2008,0.269,29905.71436,1424382.0
Switzerland,2009,0.2782,29779.39735,1372860.0
Switzerland,2010,0.3047,29891.70785,1386663.0
Switzerland,2011,0.2966,30316.27585,1431427.0
Switzerland,2012,0.2911,31065.810650000003,1357400.0
Switzerland,2013,0.2883,30920.71585,1487132.0
Switzerland,2014,0.2854,31293.681975,1433924.0
Switzerland,2015,0.2833,31149.817225,1484972.0
Switzerland,2016,0.2801,31712.80235,1501775.0
Switzerland,2017,0.2682,31611.08415,1510524.0
Switzerland,2018,0.2629,31047.673799999997,1624931.0
Switzerland,2019,0.2552,31920.95455,1595624.0
Switzerland,2020,0.2518,32270.478550000003,1605284.0
Switzerland,2021,0.2546,32670.26524,1594577.0
Switzerland,2022,0.2676,31897.2332,1647083.0
Switzerland,2023,0.2619,,
Switzerland,2024,0.2632,,
Ukraine,1990,0.3064,,
Ukraine,1991,0.3851,,
Ukraine,1992,0.4644,,9412064.0
Ukraine,1993,0.4587,,7913764.0
Ukraine,1994,0.4551,,
Ukraine,1995,0.4765,,11799892.0
Ukraine,1996,0.4045,,10096793.0
Ukraine,1997,0.3749,,
Ukraine,1998,0.3351,,
Ukraine,1999,0.3173,1781.159485,
Ukraine,2000,0.3356,,
Ukraine,2001,0.3646,,
Ukraine,2002,0.3604,,7373259.0
Ukraine,2003,0.3657,,6683628.0
Ukraine,2004,0.3891,,7052607.0
Ukraine,2005,0.3578,,7044678.0
Ukraine,2006,0.3798,,6909535.0
Ukraine,2007,0.3674,,6194346.0
Ukraine,2008,0.3601,,5675914.0
Ukraine,2009,0.3269,,5295315.0
Ukraine,2010,0.306,,5016098.0
Ukraine,2011,0.314,,4828209.0
Ukraine,2012,0.2825,,5073831.0
Ukraine,2013,0.28,,4798783.0
Ukraine,2014,0.3115,,4388360.0
Ukraine,2015,0.3369,,4913050.0
Ukraine,2016,0.3439,,5123800.0
Ukraine,2017,0.3399,,5051548.0
Ukraine,2018,0.3349,,5298384.0
Ukraine,2019,0.3456,,5360976.0
Ukraine,2020,0.3446,,4837204.0
Ukraine,2021,0.3451,,
Ukraine,2022,0.3345,,
Ukraine,2023,0.3352,,
Ukraine,2024,0.3475,,
United Kingdom,1990,0.3479,15562.5634,10875157.0
United Kingdom,1991,0.3486,15707.20925,11197391.0
United Kingdom,1992,0.3468,15173.10694,11367669.0
United Kingdom,1993,0.3521,15101.76769,11684766.0
United Kingdom,1994,0.3483,16451.64427,11569759.0
United Kingdom,1995,0.3517,16485.91996,11458494.0
United Kingdom,1996,0.3596,17133.6767,11624983.0
United Kingdom,1997,0.3586,17750.3077,11808711.0
United Kingdom,1998,0.3467,18711.390659999997,11843160.0
United Kingdom,1999,0.3537,19162.73944,11881151.0
United Kingdom,2000,0.3382,21003.91186,11629658.0
United Kingdom,2001,0.3392,21262.419459999997,11378740.0
United Kingdom,2002,0.3433,20642.62245,11426950.0
United Kingdom,2003,0.3462,21026.10751,11482097.0
United Kingdom,2004,0.3403,21755.4746,11544846.0
United Kingdom,2005,0.3359,22185.628195,12076809.0
United Kingdom,2006,0.3468,22587.72789,11864174.0
United Kingdom,2007,0.3376,22542.03865,12262326.0
United Kingdom,2008,0.3171,22944.601895,12206328.0
United Kingdom,2009,0.3287,22752.329019999997,12142518.0
United Kingdom,2010,0.2911,22163.11244,11924512.0
United Kingdom,2011,0.3016,21668.12134,12175511.0
United Kingdom,2012,0.3273,21595.89514,11943829.0
United Kingdom,2013,0.3412,21721.61428,12184901.0
United Kingdom,2014,0.3255,22369.348025,12436109.0
United Kingdom,2015,0.3193,22705.5988,12689867.0
United Kingdom,2016,0.316,22835.153725,12954904.0
United Kingdom,2017,0.3018,22699.49016,13024968.0
United Kingdom,2018,0.32,23159.58288,13253288.0
United Kingdom,2019,0.3181,23475.45315,13321199.0
United Kingdom,2020,0.2992,23360.233600000003,13165017.0
United Kingdom,2021,0.307,23476.9825,12540453.0
United Kingdom,2022,0.3135,,
United Kingdom,2023,0.3075,,
United Kingdom,2024,0.3106,,
