Country,Year,Gini coefficient (after tax)
Albania,1990,0.4296
Albania,1991,0.4306
Albania,1992,0.4333
Albania,1993,0.4382
Albania,1994,0.441
Albania,1995,0.4457
Albania,1996,0.447
Albania,1997,0.4492
Albania,1998,0.4489
Albania,1999,0.4478
Albania,2000,0.4449
Albania,2001,0.447
Albania,2002,0.4502
Albania,2003,0.4501
Albania,2004,0.4432
Albania,2005,0.4424
Albania,2006,0.442
Albania,2007,0.435
Albania,2008,0.4426
Albania,2009,0.4367
Albania,2010,0.4388
Albania,2011,0.4418
Albania,2012,0.4406
Albania,2013,0.4589
Albania,2014,0.4688
Albania,2015,0.4634
Albania,2016,0.4785
Albania,2017,0.4651
Albania,2018,0.4589
Albania,2019,0.4477
Albania,2020,0.4475
Albania,2021,0.4519
Albania,2022,0.458
Albania,2023,0.4552
Albania,2024,0.4559
Andorra,1990,0.3741
Andorra,1991,0.3721
Andorra,1992,0.3815
Andorra,1993,0.3923
Andorra,1994,0.4017
Andorra,1995,0.3983
Andorra,1996,0.3992
Andorra,1997,0.4074
Andorra,1998,0.4074
Andorra,1999,0.4086
Andorra,2000,0.4155
Andorra,2001,0.4123
Andorra,2002,0.4067
Andorra,2003,0.4149
Andorra,2004,0.4272
Andorra,2005,0.4259
Andorra,2006,0.429
Andorra,2007,0.4235
Andorra,2008,0.4065
Andorra,2009,0.3994
Andorra,2010,0.4194
Andorra,2011,0.4209
Andorra,2012,0.4169
Andorra,2013,0.4204
Andorra,2014,0.4245
Andorra,2015,0.4234
Andorra,2016,0.4224
Andorra,2017,0.4206
Andorra,2018,0.4177
Andorra,2019,0.4138
Andorra,2020,0.414
Andorra,2021,0.4188
Andorra,2022,0.4181
Andorra,2023,0.4181
Andorra,2024,0.4181
Austria,1990,0.3086
Austria,1991,0.3041
Austria,1992,0.2959
Austria,1993,0.2983
Austria,1994,0.3017
Austria,1995,0.2963
Austria,1996,0.2957
Austria,1997,0.2919
Austria,1998,0.2951
Austria,1999,0.2828
Austria,2000,0.295
Austria,2001,0.2812
Austria,2002,0.2935
Austria,2003,0.2927
Austria,2004,0.2923
Austria,2005,0.2949
Austria,2006,0.3018
Austria,2007,0.3057
Austria,2008,0.3035
Austria,2009,0.2969
Austria,2010,0.3034
Austria,2011,0.3061
Austria,2012,0.2997
Austria,2013,0.2896
Austria,2014,0.2829
Austria,2015,0.2859
Austria,2016,0.299
Austria,2017,0.2892
Austria,2018,0.2905
Austria,2019,0.2863
Austria,2020,0.285
Austria,2021,0.2838
Austria,2022,0.2862
Austria,2023,0.2887
Austria,2024,0.2912
Belarus,1990,0.2807
Belarus,1991,0.2871
Belarus,1992,0.2914
Belarus,1993,0.2965
Belarus,1994,0.3554
Belarus,1995,0.3735
Belarus,1996,0.3823
Belarus,1997,0.4051
Belarus,1998,0.4036
Belarus,1999,0.4016
Belarus,2000,0.3954
Belarus,2001,0.3752
Belarus,2002,0.3804
Belarus,2003,0.384
Belarus,2004,0.3664
Belarus,2005,0.3715
Belarus,2006,0.3727
Belarus,2007,0.4055
Belarus,2008,0.4048
Belarus,2009,0.3967
Belarus,2010,0.3898
Belarus,2011,0.43
Belarus,2012,0.3984
Belarus,2013,0.3595
Belarus,2014,0.3754
Belarus,2015,0.3556
Belarus,2016,0.3358
Belarus,2017,0.3578
Belarus,2018,0.3588
Belarus,2019,0.3553
Belarus,2020,0.357
Belarus,2021,0.3575
Belarus,2022,0.3589
Belarus,2023,0.3591
Belarus,2024,0.3594
Belgium,1990,0.3167
Belgium,1991,0.308
Belgium,1992,0.3053
Belgium,1993,0.3041
Belgium,1994,0.3155
Belgium,1995,0.3068
Belgium,1996,0.2994
Belgium,1997,0.3005
Belgium,1998,0.3041
Belgium,1999,0.3113
Belgium,2000,0.3173
Belgium,2001,0.305
Belgium,2002,0.2999
Belgium,2003,0.2981
Belgium,2004,0.294
Belgium,2005,0.2939
Belgium,2006,0.288
Belgium,2007,0.2918
Belgium,2008,0.2716
Belgium,2009,0.2731
Belgium,2010,0.2791
Belgium,2011,0.27
Belgium,2012,0.271
Belgium,2013,0.2665
Belgium,2014,0.2673
Belgium,2015,0.2755
Belgium,2016,0.2769
Belgium,2017,0.2685
Belgium,2018,0.2675
Belgium,2019,0.2723
Belgium,2020,0.2633
Belgium,2021,0.2724
Belgium,2022,0.2742
Belgium,2023,0.2733
Belgium,2024,0.2757
Bosnia and Herzegovina,1990,0.3525
Bosnia and Herzegovina,1991,0.3631
Bosnia and Herzegovina,1992,0.3732
Bosnia and Herzegovina,1993,0.3838
Bosnia and Herzegovina,1994,0.3943
Bosnia and Herzegovina,1995,0.4053
Bosnia and Herzegovina,1996,0.4107
Bosnia and Herzegovina,1997,0.4174
Bosnia and Herzegovina,1998,0.4275
Bosnia and Herzegovina,1999,0.4301
Bosnia and Herzegovina,2000,0.4325
Bosnia and Herzegovina,2001,0.4446
Bosnia and Herzegovina,2002,0.4564
Bosnia and Herzegovina,2003,0.4539
Bosnia and Herzegovina,2004,0.4563
Bosnia and Herzegovina,2005,0.4637
Bosnia and Herzegovina,2006,0.4558
Bosnia and Herzegovina,2007,0.4568
Bosnia and Herzegovina,2008,0.4507
Bosnia and Herzegovina,2009,0.4471
Bosnia and Herzegovina,2010,0.4487
Bosnia and Herzegovina,2011,0.4464
Bosnia and Herzegovina,2012,0.4425
Bosnia and Herzegovina,2013,0.4399
Bosnia and Herzegovina,2014,0.4376
Bosnia and Herzegovina,2015,0.4417
Bosnia and Herzegovina,2016,0.4409
Bosnia and Herzegovina,2017,0.4415
Bosnia and Herzegovina,2018,0.4407
Bosnia and Herzegovina,2019,0.4386
Bosnia and Herzegovina,2020,0.4297
Bosnia and Herzegovina,2021,0.4313
Bosnia and Herzegovina,2022,0.435
Bosnia and Herzegovina,2023,0.4338
Bosnia and Herzegovina,2024,0.4348
Bulgaria,1990,0.273
Bulgaria,1991,0.3066
Bulgaria,1992,0.3419
Bulgaria,1993,0.361
Bulgaria,1994,0.413
Bulgaria,1995,0.4514
Bulgaria,1996,0.4317
Bulgaria,1997,0.4186
Bulgaria,1998,0.4114
Bulgaria,1999,0.3813
Bulgaria,2000,0.3752
Bulgaria,2001,0.3901
Bulgaria,2002,0.4101
Bulgaria,2003,0.3976
Bulgaria,2004,0.402
Bulgaria,2005,0.4171
Bulgaria,2006,0.4355
Bulgaria,2007,0.4163
Bulgaria,2008,0.4058
Bulgaria,2009,0.4151
Bulgaria,2010,0.4161
Bulgaria,2011,0.4211
Bulgaria,2012,0.4425
Bulgaria,2013,0.4197
Bulgaria,2014,0.4356
Bulgaria,2015,0.4441
Bulgaria,2016,0.4724
Bulgaria,2017,0.4891
Bulgaria,2018,0.4845
Bulgaria,2019,0.4692
Bulgaria,2020,0.4623
Bulgaria,2021,0.4752
Bulgaria,2022,0.4904
Bulgaria,2023,0.4796
Bulgaria,2024,0.4897
Croatia,1990,0.3787
Croatia,1991,0.3727
Croatia,1992,0.375
Croatia,1993,0.3766
Croatia,1994,0.3804
Croatia,1995,0.3834
Croatia,1996,0.3856
Croatia,1997,0.3932
Croatia,1998,0.3969
Croatia,1999,0.4002
Croatia,2000,0.3874
Croatia,2001,0.3908
Croatia,2002,0.3768
Croatia,2003,0.3726
Croatia,2004,0.3855
Croatia,2005,0.3965
Croatia,2006,0.3932
Croatia,2007,0.4014
Croatia,2008,0.4001
Croatia,2009,0.3809
Croatia,2010,0.3856
Croatia,2011,0.3953
Croatia,2012,0.3958
Croatia,2013,0.398
Croatia,2014,0.4009
Croatia,2015,0.4048
Croatia,2016,0.396
Croatia,2017,0.4016
Croatia,2018,0.4047
Croatia,2019,0.4011
Croatia,2020,0.3907
Croatia,2021,0.3939
Croatia,2022,0.3999
Croatia,2023,0.3987
Croatia,2024,0.3988
Cyprus,1990,0.4359
Cyprus,1991,0.4382
Cyprus,1992,0.4343
Cyprus,1993,0.4296
Cyprus,1994,0.4299
Cyprus,1995,0.4174
Cyprus,1996,0.4126
Cyprus,1997,0.3925
Cyprus,1998,0.4368
Cyprus,1999,0.3961
Cyprus,2000,0.3887
Cyprus,2001,0.3964
Cyprus,2002,0.4096
Cyprus,2003,0.392
Cyprus,2004,0.3548
Cyprus,2005,0.3454
Cyprus,2006,0.3543
Cyprus,2007,0.3948
Cyprus,2008,0.3498
Cyprus,2009,0.3633
Cyprus,2010,0.3397
Cyprus,2011,0.3861
Cyprus,2012,0.3902
Cyprus,2013,0.4254
Cyprus,2014,0.4039
Cyprus,2015,0.3964
Cyprus,2016,0.3818
Cyprus,2017,0.3389
Cyprus,2018,0.3406
Cyprus,2019,0.3185
Cyprus,2020,0.3002
Cyprus,2021,0.2967
Cyprus,2022,0.3161
Cyprus,2023,0.3089
Cyprus,2024,0.3088
Czechia,1990,0.175
Czechia,1991,0.1928
Czechia,1992,0.2207
Czechia,1993,0.2455
Czechia,1994,0.2732
Czechia,1995,0.2693
Czechia,1996,0.2806
Czechia,1997,0.2639
Czechia,1998,0.2772
Czechia,1999,0.2711
Czechia,2000,0.2645
Czechia,2001,0.2606
Czechia,2002,0.2478
Czechia,2003,0.2496
Czechia,2004,0.2628
Czechia,2005,0.2631
Czechia,2006,0.2691
Czechia,2007,0.2701
Czechia,2008,0.2868
Czechia,2009,0.2621
Czechia,2010,0.268
Czechia,2011,0.2571
Czechia,2012,0.2681
Czechia,2013,0.2526
Czechia,2014,0.2656
Czechia,2015,0.2744
Czechia,2016,0.2603
Czechia,2017,0.2628
Czechia,2018,0.2537
Czechia,2019,0.2525
Czechia,2020,0.2455
Czechia,2021,0.2459
Czechia,2022,0.2474
Czechia,2023,0.2461
Czechia,2024,0.2469
Denmark,1990,0.1714
Denmark,1991,0.1671
Denmark,1992,0.1623
Denmark,1993,0.1536
Denmark,1994,0.1529
Denmark,1995,0.1565
Denmark,1996,0.1588
Denmark,1997,0.1666
Denmark,1998,0.1703
Denmark,1999,0.1804
Denmark,2000,0.1783
Denmark,2001,0.1769
Denmark,2002,0.1734
Denmark,2003,0.1626
Denmark,2004,0.1668
Denmark,2005,0.1759
Denmark,2006,0.1939
Denmark,2007,0.1904
Denmark,2008,0.1961
Denmark,2009,0.1753
Denmark,2010,0.1931
Denmark,2011,0.1914
Denmark,2012,0.196
Denmark,2013,0.2026
Denmark,2014,0.1909
Denmark,2015,0.1988
Denmark,2016,0.206
Denmark,2017,0.2096
Denmark,2018,0.2195
Denmark,2019,0.2138
Denmark,2020,0.2142
Denmark,2021,0.2196
Denmark,2022,0.2233
Denmark,2023,0.2245
Denmark,2024,0.2245
East Germany,1990,0.23570733
Estonia,1990,0.3633
Estonia,1991,0.4032
Estonia,1992,0.416
Estonia,1993,0.4418
Estonia,1994,0.4526
Estonia,1995,0.4525
Estonia,1996,0.4667
Estonia,1997,0.4693
Estonia,1998,0.45
Estonia,1999,0.4443
Estonia,2000,0.4696
Estonia,2001,0.4643
Estonia,2002,0.4813
Estonia,2003,0.4938
Estonia,2004,0.4691
Estonia,2005,0.495
Estonia,2006,0.4657
Estonia,2007,0.4476
Estonia,2008,0.4143
Estonia,2009,0.3932
Estonia,2010,0.4163
Estonia,2011,0.4362
Estonia,2012,0.4481
Estonia,2013,0.4582
Estonia,2014,0.4508
Estonia,2015,0.4215
Estonia,2016,0.4165
Estonia,2017,0.4133
Estonia,2018,0.4044
Estonia,2019,0.4425
Estonia,2020,0.4349
Estonia,2021,0.4439
Estonia,2022,0.4564
Estonia,2023,0.4431
Estonia,2024,0.4489
Finland,1990,0.224
Finland,1991,0.1949
Finland,1992,0.1862
Finland,1993,0.1977
Finland,1994,0.215
Finland,1995,0.2242
Finland,1996,0.2179
Finland,1997,0.2365
Finland,1998,0.2405
Finland,1999,0.2455
Finland,2000,0.246
Finland,2001,0.2569
Finland,2002,0.2547
Finland,2003,0.2548
Finland,2004,0.2595
Finland,2005,0.2511
Finland,2006,0.2614
Finland,2007,0.2605
Finland,2008,0.2699
Finland,2009,0.2613
Finland,2010,0.2698
Finland,2011,0.2664
Finland,2012,0.2577
Finland,2013,0.2515
Finland,2014,0.2538
Finland,2015,0.2599
Finland,2016,0.2562
Finland,2017,0.2619
Finland,2018,0.2656
Finland,2019,0.2601
Finland,2020,0.26
Finland,2021,0.2607
Finland,2022,0.2616
Finland,2023,0.2451
Finland,2024,0.2483
France,1990,0.3126
France,1991,0.3068
France,1992,0.3019
France,1993,0.2971
France,1994,0.2979
France,1995,0.2957
France,1996,0.3001
France,1997,0.3031
France,1998,0.2903
France,1999,0.2869
France,2000,0.2906
France,2001,0.2886
France,2002,0.2923
France,2003,0.295
France,2004,0.2995
France,2005,0.3003
France,2006,0.2927
France,2007,0.3002
France,2008,0.3017
France,2009,0.2914
France,2010,0.2895
France,2011,0.2872
France,2012,0.2735
France,2013,0.2677
France,2014,0.2662
France,2015,0.2748
France,2016,0.2691
France,2017,0.2702
France,2018,0.2735
France,2019,0.2695
France,2020,0.2588
France,2021,0.2698
France,2022,0.2714
France,2023,0.2725
France,2024,0.2731
Germany,1990,0.3232
Germany,1991,0.3072
Germany,1992,0.2959
Germany,1993,0.2913
Germany,1994,0.2914
Germany,1995,0.2828
Germany,1996,0.296
Germany,1997,0.3031
Germany,1998,0.3165
Germany,1999,0.3138
Germany,2000,0.3175
Germany,2001,0.3218
Germany,2002,0.3283
Germany,2003,0.3185
Germany,2004,0.3285
Germany,2005,0.3541
Germany,2006,0.3536
Germany,2007,0.371
Germany,2008,0.3637
Germany,2009,0.3636
Germany,2010,0.3649
Germany,2011,0.3678
Germany,2012,0.365
Germany,2013,0.377
Germany,2014,0.3778
Germany,2015,0.3746
Germany,2016,0.37
Germany,2017,0.3657
Germany,2018,0.3608
Germany,2019,0.3639
Germany,2020,0.3569
Germany,2021,0.3599
Germany,2022,0.3612
Germany,2023,0.3604
Germany,2024,0.3636
Greece,1990,0.4409
Greece,1991,0.4312
Greece,1992,0.4222
Greece,1993,0.4365
Greece,1994,0.4403
Greece,1995,0.4402
Greece,1996,0.4441
Greece,1997,0.4581
Greece,1998,0.4614
Greece,1999,0.4576
Greece,2000,0.4695
Greece,2001,0.4696
Greece,2002,0.4439
Greece,2003,0.4332
Greece,2004,0.4401
Greece,2005,0.4393
Greece,2006,0.4265
Greece,2007,0.4173
Greece,2008,0.3923
Greece,2009,0.383
Greece,2010,0.3998
Greece,2011,0.3892
Greece,2012,0.3888
Greece,2013,0.4142
Greece,2014,0.4141
Greece,2015,0.4139
Greece,2016,0.3957
Greece,2017,0.3846
Greece,2018,0.3684
Greece,2019,0.3651
Greece,2020,0.364
Greece,2021,0.3751
Greece,2022,0.3838
Greece,2023,0.3833
Greece,2024,0.3829
Hungary,1990,0.1838
Hungary,1991,0.2058
Hungary,1992,0.2446
Hungary,1993,0.249
Hungary,1994,0.2497
Hungary,1995,0.2427
Hungary,1996,0.2344
Hungary,1997,0.2477
Hungary,1998,0.2502
Hungary,1999,0.2644
Hungary,2000,0.2676
Hungary,2001,0.284
Hungary,2002,0.2972
Hungary,2003,0.3001
Hungary,2004,0.2974
Hungary,2005,0.3106
Hungary,2006,0.3193
Hungary,2007,0.3184
Hungary,2008,0.3106
Hungary,2009,0.3144
Hungary,2010,0.3218
Hungary,2011,0.3255
Hungary,2012,0.3183
Hungary,2013,0.3344
Hungary,2014,0.3278
Hungary,2015,0.3308
Hungary,2016,0.3321
Hungary,2017,0.3346
Hungary,2018,0.3434
Hungary,2019,0.3525
Hungary,2020,0.3423
Hungary,2021,0.3431
Hungary,2022,0.3506
Hungary,2023,0.3504
Hungary,2024,0.3517
Iceland,1990,0.3129
Iceland,1991,0.3134
Iceland,1992,0.3114
Iceland,1993,0.3095
Iceland,1994,0.3142
Iceland,1995,0.3094
Iceland,1996,0.3076
Iceland,1997,0.3076
Iceland,1998,0.3011
Iceland,1999,0.2957
Iceland,2000,0.2896
Iceland,2001,0.296
Iceland,2002,0.3009
Iceland,2003,0.2859
Iceland,2004,0.2732
Iceland,2005,0.262
Iceland,2006,0.2639
Iceland,2007,0.2779
Iceland,2008,0.2041
Iceland,2009,0.1919
Iceland,2010,0.1999
Iceland,2011,0.2063
Iceland,2012,0.2129
Iceland,2013,0.2363
Iceland,2014,0.2265
Iceland,2015,0.2375
Iceland,2016,0.1987
Iceland,2017,0.21
Iceland,2018,0.2024
Iceland,2019,0.2002
Iceland,2020,0.1848
Iceland,2021,0.1901
Iceland,2022,0.1925
Iceland,2023,0.1964
Iceland,2024,0.1944
Ireland,1990,0.2886
Ireland,1991,0.2818
Ireland,1992,0.2686
Ireland,1993,0.2763
Ireland,1994,0.2808
Ireland,1995,0.2886
Ireland,1996,0.2695
Ireland,1997,0.2771
Ireland,1998,0.2992
Ireland,1999,0.2962
Ireland,2000,0.3129
Ireland,2001,0.3046
Ireland,2002,0.2968
Ireland,2003,0.2981
Ireland,2004,0.2989
Ireland,2005,0.3075
Ireland,2006,0.3118
Ireland,2007,0.299
Ireland,2008,0.2794
Ireland,2009,0.2615
Ireland,2010,0.2756
Ireland,2011,0.2793
Ireland,2012,0.2678
Ireland,2013,0.2734
Ireland,2014,0.2876
Ireland,2015,0.3089
Ireland,2016,0.2937
Ireland,2017,0.2906
Ireland,2018,0.2951
Ireland,2019,0.3029
Ireland,2020,0.2806
Ireland,2021,0.293
Ireland,2022,0.3026
Ireland,2023,0.3098
Ireland,2024,0.3104
Italy,1990,0.3004
Italy,1991,0.301
Italy,1992,0.291
Italy,1993,0.2907
Italy,1994,0.3119
Italy,1995,0.2927
Italy,1996,0.2912
Italy,1997,0.2897
Italy,1998,0.3112
Italy,1999,0.3068
Italy,2000,0.3177
Italy,2001,0.3122
Italy,2002,0.3245
Italy,2003,0.3099
Italy,2004,0.3277
Italy,2005,0.3253
Italy,2006,0.3274
Italy,2007,0.3241
Italy,2008,0.3193
Italy,2009,0.314
Italy,2010,0.3265
Italy,2011,0.33
Italy,2012,0.3226
Italy,2013,0.3278
Italy,2014,0.3285
Italy,2015,0.3342
Italy,2016,0.3428
Italy,2017,0.3476
Italy,2018,0.3521
Italy,2019,0.3485
Italy,2020,0.3379
Italy,2021,0.3354
Italy,2022,0.3378
Italy,2023,0.339
Italy,2024,0.3407
Kosovo,1990,0.4268
Kosovo,1991,0.4261
Kosovo,1992,0.425
Kosovo,1993,0.4243
Kosovo,1994,0.4245
Kosovo,1995,0.4257
Kosovo,1996,0.4268
Kosovo,1997,0.4273
Kosovo,1998,0.4272
Kosovo,1999,0.4263
Kosovo,2000,0.4257
Kosovo,2001,0.4281
Kosovo,2002,0.4279
Kosovo,2003,0.4288
Kosovo,2004,0.4296
Kosovo,2005,0.4322
Kosovo,2006,0.4277
Kosovo,2007,0.4277
Kosovo,2008,0.438
Kosovo,2009,0.4179
Kosovo,2010,0.4418
Kosovo,2011,0.4312
Kosovo,2012,0.4371
Kosovo,2013,0.4259
Kosovo,2014,0.428
Kosovo,2015,0.406
Kosovo,2016,0.4004
Kosovo,2017,0.4085
Kosovo,2018,0.4051
Kosovo,2019,0.3997
Kosovo,2020,0.388
Kosovo,2021,0.3875
Kosovo,2022,0.3991
Kosovo,2023,0.3999
Kosovo,2024,0.4008
Latvia,1990,0.2816
Latvia,1991,0.2966
Latvia,1992,0.3154
Latvia,1993,0.3482
Latvia,1994,0.367
Latvia,1995,0.3596
Latvia,1996,0.3941
Latvia,1997,0.393
Latvia,1998,0.391
Latvia,1999,0.3964
Latvia,2000,0.4063
Latvia,2001,0.4107
Latvia,2002,0.4216
Latvia,2003,0.4348
Latvia,2004,0.4379
Latvia,2005,0.4561
Latvia,2006,0.4259
Latvia,2007,0.4498
Latvia,2008,0.4284
Latvia,2009,0.4357
Latvia,2010,0.4165
Latvia,2011,0.4246
Latvia,2012,0.4337
Latvia,2013,0.4333
Latvia,2014,0.4222
Latvia,2015,0.4129
Latvia,2016,0.4029
Latvia,2017,0.4212
Latvia,2018,0.4204
Latvia,2019,0.4206
Latvia,2020,0.4172
Latvia,2021,0.4125
Latvia,2022,0.4155
Latvia,2023,0.4129
Latvia,2024,0.4144
Liechtenstein,1990,0.3741
Liechtenstein,1991,0.3721
Liechtenstein,1992,0.3815
Liechtenstein,1993,0.3923
Liechtenstein,1994,0.4017
Liechtenstein,1995,0.3983
Liechtenstein,1996,0.3992
Liechtenstein,1997,0.4074
Liechtenstein,1998,0.4074
Liechtenstein,1999,0.4086
Liechtenstein,2000,0.4155
Liechtenstein,2001,0.4123
Liechtenstein,2002,0.4067
Liechtenstein,2003,0.4149
Liechtenstein,2004,0.4272
Liechtenstein,2005,0.4259
Liechtenstein,2006,0.429
Liechtenstein,2007,0.4235
Liechtenstein,2008,0.4065
Liechtenstein,2009,0.3994
Liechtenstein,2010,0.4194
Liechtenstein,2011,0.4209
Liechtenstein,2012,0.4169
Liechtenstein,2013,0.4204
Liechtenstein,2014,0.4245
Liechtenstein,2015,0.4234
Liechtenstein,2016,0.4224
Liechtenstein,2017,0.4206
Liechtenstein,2018,0.4177
Liechtenstein,2019,0.4138
Liechtenstein,2020,0.414
Liechtenstein,2021,0.4188
Liechtenstein,2022,0.4181
Liechtenstein,2023,0.4181
Liechtenstein,2024,0.4181
Lithuania,1990,0.3535
Lithuania,1991,0.3749
Lithuania,1992,0.3935
Lithuania,1993,0.4098
Lithuania,1994,0.4559
Lithuania,1995,0.4415
Lithuania,1996,0.4333
Lithuania,1997,0.4247
Lithuania,1998,0.4106
Lithuania,1999,0.402
Lithuania,2000,0.4321
Lithuania,2001,0.435
Lithuania,2002,0.431
Lithuania,2003,0.4253
Lithuania,2004,0.4659
Lithuania,2005,0.4623
Lithuania,2006,0.4404
Lithuania,2007,0.467
Lithuania,2008,0.4716
Lithuania,2009,0.4781
Lithuania,2010,0.4447
Lithuania,2011,0.4482
Lithuania,2012,0.4605
Lithuania,2013,0.4673
Lithuania,2014,0.5026
Lithuania,2015,0.4685
Lithuania,2016,0.4638
Lithuania,2017,0.474
Lithuania,2018,0.4555
Lithuania,2019,0.5787
Lithuania,2020,0.5731
Lithuania,2021,0.5717
Lithuania,2022,0.5801
Lithuania,2023,0.5787
Lithuania,2024,0.5789
Luxembourg,1990,0.3483
Luxembourg,1991,0.36
Luxembourg,1992,0.374
Luxembourg,1993,0.3683
Luxembourg,1994,0.3568
Luxembourg,1995,0.3513
Luxembourg,1996,0.3558
Luxembourg,1997,0.3716
Luxembourg,1998,0.3891
Luxembourg,1999,0.3806
Luxembourg,2000,0.3875
Luxembourg,2001,0.3728
Luxembourg,2002,0.3628
Luxembourg,2003,0.3563
Luxembourg,2004,0.3959
Luxembourg,2005,0.397
Luxembourg,2006,0.4009
Luxembourg,2007,0.4371
Luxembourg,2008,0.4028
Luxembourg,2009,0.368
Luxembourg,2010,0.3807
Luxembourg,2011,0.3765
Luxembourg,2012,0.4099
Luxembourg,2013,0.3832
Luxembourg,2014,0.3777
Luxembourg,2015,0.3622
Luxembourg,2016,0.375
Luxembourg,2017,0.3857
Luxembourg,2018,0.3646
Luxembourg,2019,0.3505
Luxembourg,2020,0.345
Luxembourg,2021,0.3562
Luxembourg,2022,0.3584
Luxembourg,2023,0.3392
Luxembourg,2024,0.3416
Malta,1990,0.3726
Malta,1991,0.3761
Malta,1992,0.3692
Malta,1993,0.3674
Malta,1994,0.3701
Malta,1995,0.3772
Malta,1996,0.3699
Malta,1997,0.37
Malta,1998,0.3788
Malta,1999,0.3743
Malta,2000,0.3686
Malta,2001,0.3692
Malta,2002,0.3681
Malta,2003,0.3647
Malta,2004,0.3618
Malta,2005,0.3594
Malta,2006,0.3579
Malta,2007,0.3681
Malta,2008,0.3662
Malta,2009,0.375
Malta,2010,0.3712
Malta,2011,0.3809
Malta,2012,0.3901
Malta,2013,0.3909
Malta,2014,0.3942
Malta,2015,0.4056
Malta,2016,0.3956
Malta,2017,0.4076
Malta,2018,0.3961
Malta,2019,0.4106
Malta,2020,0.4039
Malta,2021,0.409
Malta,2022,0.4128
Malta,2023,0.4088
Malta,2024,0.4086
Moldova,1990,0.3518
Moldova,1991,0.3792
Moldova,1992,0.4063
Moldova,1993,0.437
Moldova,1994,0.4323
Moldova,1995,0.4489
Moldova,1996,0.4694
Moldova,1997,0.4814
Moldova,1998,0.479
Moldova,1999,0.4788
Moldova,2000,0.476
Moldova,2001,0.4805
Moldova,2002,0.4786
Moldova,2003,0.4838
Moldova,2004,0.4697
Moldova,2005,0.4795
Moldova,2006,0.477
Moldova,2007,0.4758
Moldova,2008,0.4867
Moldova,2009,0.4824
Moldova,2010,0.4794
Moldova,2011,0.478
Moldova,2012,0.4679
Moldova,2013,0.4689
Moldova,2014,0.4634
Moldova,2015,0.4638
Moldova,2016,0.4536
Moldova,2017,0.4532
Moldova,2018,0.4476
Moldova,2019,0.454
Moldova,2020,0.4479
Moldova,2021,0.4534
Moldova,2022,0.4525
Moldova,2023,0.4629
Moldova,2024,0.4641
Monaco,1990,0.3741
Monaco,1991,0.3721
Monaco,1992,0.3815
Monaco,1993,0.3923
Monaco,1994,0.4017
Monaco,1995,0.3983
Monaco,1996,0.3992
Monaco,1997,0.4074
Monaco,1998,0.4074
Monaco,1999,0.4086
Monaco,2000,0.4155
Monaco,2001,0.4123
Monaco,2002,0.4067
Monaco,2003,0.4149
Monaco,2004,0.4272
Monaco,2005,0.4259
Monaco,2006,0.429
Monaco,2007,0.4235
Monaco,2008,0.4065
Monaco,2009,0.3994
Monaco,2010,0.4194
Monaco,2011,0.4209
Monaco,2012,0.4169
Monaco,2013,0.4204
Monaco,2014,0.4245
Monaco,2015,0.4234
Monaco,2016,0.4224
Monaco,2017,0.4206
Monaco,2018,0.4177
Monaco,2019,0.4138
Monaco,2020,0.414
Monaco,2021,0.4188
Monaco,2022,0.4181
Monaco,2023,0.4181
Monaco,2024,0.4181
Montenegro,1990,0.3667
Montenegro,1991,0.3703
Montenegro,1992,0.3718
Montenegro,1993,0.3726
Montenegro,1994,0.3768
Montenegro,1995,0.382
Montenegro,1996,0.3824
Montenegro,1997,0.3824
Montenegro,1998,0.3843
Montenegro,1999,0.3639
Montenegro,2000,0.424
Montenegro,2001,0.3956
Montenegro,2002,0.4078
Montenegro,2003,0.42
Montenegro,2004,0.4289
Montenegro,2005,0.4365
Montenegro,2006,0.4399
Montenegro,2007,0.4463
Montenegro,2008,0.4576
Montenegro,2009,0.4546
Montenegro,2010,0.4643
Montenegro,2011,0.4728
Montenegro,2012,0.4751
Montenegro,2013,0.4752
Montenegro,2014,0.4728
Montenegro,2015,0.5014
Montenegro,2016,0.4696
Montenegro,2017,0.4626
Montenegro,2018,0.4778
Montenegro,2019,0.4777
Montenegro,2020,0.4623
Montenegro,2021,0.4605
Montenegro,2022,0.4571
Montenegro,2023,0.4565
Montenegro,2024,0.4564
Netherlands,1990,0.25
Netherlands,1991,0.2474
Netherlands,1992,0.2488
Netherlands,1993,0.2502
Netherlands,1994,0.2654
Netherlands,1995,0.2707
Netherlands,1996,0.2685
Netherlands,1997,0.2699
Netherlands,1998,0.2601
Netherlands,1999,0.2639
Netherlands,2000,0.2634
Netherlands,2001,0.2791
Netherlands,2002,0.2779
Netherlands,2003,0.2854
Netherlands,2004,0.29
Netherlands,2005,0.2937
Netherlands,2006,0.2937
Netherlands,2007,0.3015
Netherlands,2008,0.2747
Netherlands,2009,0.2696
Netherlands,2010,0.2792
Netherlands,2011,0.2864
Netherlands,2012,0.2906
Netherlands,2013,0.2899
Netherlands,2014,0.2948
Netherlands,2015,0.2873
Netherlands,2016,0.286
Netherlands,2017,0.29
Netherlands,2018,0.2852
Netherlands,2019,0.2803
Netherlands,2020,0.2798
Netherlands,2021,0.2871
Netherlands,2022,0.2979
Netherlands,2023,0.3058
Netherlands,2024,0.3056
North Macedonia,1990,0.3335
North Macedonia,1991,0.3509
North Macedonia,1992,0.3692
North Macedonia,1993,0.3875
North Macedonia,1994,0.4075
North Macedonia,1995,0.4301
North Macedonia,1996,0.4819
North Macedonia,1997,0.4511
North Macedonia,1998,0.4415
North Macedonia,1999,0.4374
North Macedonia,2000,0.4253
North Macedonia,2001,0.4432
North Macedonia,2002,0.4373
North Macedonia,2003,0.4449
North Macedonia,2004,0.4432
North Macedonia,2005,0.4445
North Macedonia,2006,0.4416
North Macedonia,2007,0.4431
North Macedonia,2008,0.4554
North Macedonia,2009,0.4587
North Macedonia,2010,0.4622
North Macedonia,2011,0.4637
North Macedonia,2012,0.4522
North Macedonia,2013,0.4449
North Macedonia,2014,0.4302
North Macedonia,2015,0.4209
North Macedonia,2016,0.42
North Macedonia,2017,0.4204
North Macedonia,2018,0.4042
North Macedonia,2019,0.403
North Macedonia,2020,0.4005
North Macedonia,2021,0.4011
North Macedonia,2022,0.4042
North Macedonia,2023,0.4036
North Macedonia,2024,0.4069
Norway,1990,0.1651
Norway,1991,0.1551
Norway,1992,0.165
Norway,1993,0.181
Norway,1994,0.1948
Norway,1995,0.1965
Norway,1996,0.2144
Norway,1997,0.2246
Norway,1998,0.2031
Norway,1999,0.2153
Norway,2000,0.2219
Norway,2001,0.1995
Norway,2002,0.2048
Norway,2003,0.2092
Norway,2004,0.2255
Norway,2005,0.2632
Norway,2006,0.2273
Norway,2007,0.2347
Norway,2008,0.2305
Norway,2009,0.2118
Norway,2010,0.2279
Norway,2011,0.2329
Norway,2012,0.24
Norway,2013,0.2474
Norway,2014,0.2593
Norway,2015,0.2515
Norway,2016,0.2514
Norway,2017,0.2553
Norway,2018,0.2556
Norway,2019,0.2418
Norway,2020,0.2576
Norway,2021,0.2734
Norway,2022,0.2927
Norway,2023,0.2853
Norway,2024,0.2834
Poland,1990,0.2618
Poland,1991,0.2609
Poland,1992,0.2559
Poland,1993,0.2589
Poland,1994,0.287
Poland,1995,0.3187
Poland,1996,0.3219
Poland,1997,0.3228
Poland,1998,0.3256
Poland,1999,0.3406
Poland,2000,0.3622
Poland,2001,0.3643
Poland,2002,0.3728
Poland,2003,0.3865
Poland,2004,0.3928
Poland,2005,0.3977
Poland,2006,0.3969
Poland,2007,0.3919
Poland,2008,0.3986
Poland,2009,0.3948
Poland,2010,0.3928
Poland,2011,0.4023
Poland,2012,0.3975
Poland,2013,0.3959
Poland,2014,0.4019
Poland,2015,0.4039
Poland,2016,0.3987
Poland,2017,0.3939
Poland,2018,0.3968
Poland,2019,0.3957
Poland,2020,0.3952
Poland,2021,0.3947
Poland,2022,0.3998
Poland,2023,0.395
Poland,2024,0.3972
Portugal,1990,0.3768
Portugal,1991,0.3785
Portugal,1992,0.3863
Portugal,1993,0.4019
Portugal,1994,0.4163
Portugal,1995,0.4123
Portugal,1996,0.3966
Portugal,1997,0.4012
Portugal,1998,0.3965
Portugal,1999,0.3963
Portugal,2000,0.3891
Portugal,2001,0.4098
Portugal,2002,0.3959
Portugal,2003,0.3918
Portugal,2004,0.4046
Portugal,2005,0.3969
Portugal,2006,0.4009
Portugal,2007,0.3989
Portugal,2008,0.3797
Portugal,2009,0.3688
Portugal,2010,0.3781
Portugal,2011,0.3837
Portugal,2012,0.3806
Portugal,2013,0.3797
Portugal,2014,0.3829
Portugal,2015,0.3802
Portugal,2016,0.3837
Portugal,2017,0.3873
Portugal,2018,0.3766
Portugal,2019,0.3696
Portugal,2020,0.3655
Portugal,2021,0.3583
Portugal,2022,0.3613
Portugal,2023,0.3636
Portugal,2024,0.3638
Romania,1990,0.2707
Romania,1991,0.2766
Romania,1992,0.2871
Romania,1993,0.3115
Romania,1994,0.3253
Romania,1995,0.3763
Romania,1996,0.3777
Romania,1997,0.3906
Romania,1998,0.4017
Romania,1999,0.3957
Romania,2000,0.3966
Romania,2001,0.397
Romania,2002,0.4209
Romania,2003,0.4566
Romania,2004,0.4519
Romania,2005,0.4733
Romania,2006,0.4717
Romania,2007,0.5066
Romania,2008,0.498
Romania,2009,0.4949
Romania,2010,0.4583
Romania,2011,0.4647
Romania,2012,0.4876
Romania,2013,0.4762
Romania,2014,0.4897
Romania,2015,0.484
Romania,2016,0.4496
Romania,2017,0.461
Romania,2018,0.4846
Romania,2019,0.4765
Romania,2020,0.4814
Romania,2021,0.4759
Romania,2022,0.4784
Romania,2023,0.4794
Romania,2024,0.483
Russia,1990,0.3086
Russia,1991,0.3153
Russia,1992,0.4119
Russia,1993,0.4355
Russia,1994,0.5156
Russia,1995,0.5284
Russia,1996,0.5994
Russia,1997,0.561
Russia,1998,0.5294
Russia,1999,0.5503
Russia,2000,0.5848
Russia,2001,0.5906
Russia,2002,0.5778
Russia,2003,0.5845
Russia,2004,0.5768
Russia,2005,0.5705
Russia,2006,0.5835
Russia,2007,0.5761
Russia,2008,0.593
Russia,2009,0.5736
Russia,2010,0.5376
Russia,2011,0.5626
Russia,2012,0.5427
Russia,2013,0.5582
Russia,2014,0.5421
Russia,2015,0.5321
Russia,2016,0.5317
Russia,2017,0.5316
San Marino,1990,0.3741
San Marino,1991,0.3721
San Marino,1992,0.3815
San Marino,1993,0.3923
San Marino,1994,0.4017
San Marino,1995,0.3983
San Marino,1996,0.3992
San Marino,1997,0.4074
San Marino,1998,0.4074
San Marino,1999,0.4086
San Marino,2000,0.4155
San Marino,2001,0.4123
San Marino,2002,0.4067
San Marino,2003,0.4149
San Marino,2004,0.4272
San Marino,2005,0.4259
San Marino,2006,0.429
San Marino,2007,0.4235
San Marino,2008,0.4065
San Marino,2009,0.3994
San Marino,2010,0.4194
San Marino,2011,0.4209
San Marino,2012,0.4169
San Marino,2013,0.4204
San Marino,2014,0.4245
San Marino,2015,0.4234
San Marino,2016,0.4224
San Marino,2017,0.4206
San Marino,2018,0.4177
San Marino,2019,0.4138
San Marino,2020,0.414
San Marino,2021,0.4188
San Marino,2022,0.4181
San Marino,2023,0.4181
San Marino,2024,0.4181
Serbia,1990,0.3955
Serbia,1991,0.3957
Serbia,1992,0.3942
Serbia,1993,0.3933
Serbia,1994,0.3971
Serbia,1995,0.4024
Serbia,1996,0.4034
Serbia,1997,0.4051
Serbia,1998,0.4066
Serbia,1999,0.3916
Serbia,2000,0.4609
Serbia,2001,0.4204
Serbia,2002,0.4256
Serbia,2003,0.4188
Serbia,2004,0.4407
Serbia,2005,0.4536
Serbia,2006,0.4658
Serbia,2007,0.4634
Serbia,2008,0.4557
Serbia,2009,0.4438
Serbia,2010,0.4487
Serbia,2011,0.4603
Serbia,2012,0.4675
Serbia,2013,0.4803
Serbia,2014,0.5042
Serbia,2015,0.4928
Serbia,2016,0.5051
Serbia,2017,0.4586
Serbia,2018,0.4377
Serbia,2019,0.4486
Serbia,2020,0.4527
Serbia,2021,0.4469
Serbia,2022,0.4586
Serbia,2023,0.468
Serbia,2024,0.4697
Slovakia,1990,0.1919
Slovakia,1991,0.2083
Slovakia,1992,0.1986
Slovakia,1993,0.2134
Slovakia,1994,0.228
Slovakia,1995,0.2178
Slovakia,1996,0.2385
Slovakia,1997,0.2524
Slovakia,1998,0.2693
Slovakia,1999,0.2794
Slovakia,2000,0.2841
Slovakia,2001,0.2988
Slovakia,2002,0.3082
Slovakia,2003,0.2982
Slovakia,2004,0.34
Slovakia,2005,0.3402
Slovakia,2006,0.3427
Slovakia,2007,0.3402
Slovakia,2008,0.3286
Slovakia,2009,0.3269
Slovakia,2010,0.3435
Slovakia,2011,0.334
Slovakia,2012,0.3324
Slovakia,2013,0.3458
Slovakia,2014,0.3109
Slovakia,2015,0.3216
Slovakia,2016,0.3048
Slovakia,2017,0.2861
Slovakia,2018,0.2972
Slovakia,2019,0.281
Slovakia,2020,0.2803
Slovakia,2021,0.2797
Slovakia,2022,0.2778
Slovakia,2023,0.2689
Slovakia,2024,0.2696
Slovenia,1990,0.2802
Slovenia,1991,0.2692
Slovenia,1992,0.2764
Slovenia,1993,0.3184
Slovenia,1994,0.3006
Slovenia,1995,0.3249
Slovenia,1996,0.3256
Slovenia,1997,0.3208
Slovenia,1998,0.3271
Slovenia,1999,0.3334
Slovenia,2000,0.3213
Slovenia,2001,0.3156
Slovenia,2002,0.3181
Slovenia,2003,0.323
Slovenia,2004,0.3221
Slovenia,2005,0.3206
Slovenia,2006,0.3238
Slovenia,2007,0.3278
Slovenia,2008,0.3269
Slovenia,2009,0.3198
Slovenia,2010,0.3252
Slovenia,2011,0.3212
Slovenia,2012,0.327
Slovenia,2013,0.3314
Slovenia,2014,0.3297
Slovenia,2015,0.3217
Slovenia,2016,0.3208
Slovenia,2017,0.3144
Slovenia,2018,0.3121
Slovenia,2019,0.3103
Slovenia,2020,0.3018
Slovenia,2021,0.3014
Slovenia,2022,0.303
Slovenia,2023,0.308
Slovenia,2024,0.3079
Spain,1990,0.3954
Spain,1991,0.3893
Spain,1992,0.3811
Spain,1993,0.3742
Spain,1994,0.3819
Spain,1995,0.3881
Spain,1996,0.3802
Spain,1997,0.3747
Spain,1998,0.3719
Spain,1999,0.3749
Spain,2000,0.3678
Spain,2001,0.3648
Spain,2002,0.3605
Spain,2003,0.3604
Spain,2004,0.356
Spain,2005,0.3513
Spain,2006,0.3497
Spain,2007,0.3396
Spain,2008,0.3514
Spain,2009,0.3528
Spain,2010,0.3457
Spain,2011,0.3424
Spain,2012,0.3416
Spain,2013,0.3508
Spain,2014,0.354
Spain,2015,0.3557
Spain,2016,0.3588
Spain,2017,0.3495
Spain,2018,0.3403
Spain,2019,0.3354
Spain,2020,0.3237
Spain,2021,0.3281
Spain,2022,0.3288
Spain,2023,0.3279
Spain,2024,0.3277
Sweden,1990,0.1872
Sweden,1991,0.1941
Sweden,1992,0.1894
Sweden,1993,0.1905
Sweden,1994,0.2145
Sweden,1995,0.2289
Sweden,1996,0.2175
Sweden,1997,0.222
Sweden,1998,0.2187
Sweden,1999,0.215
Sweden,2000,0.2012
Sweden,2001,0.2085
Sweden,2002,0.2165
Sweden,2003,0.2314
Sweden,2004,0.228
Sweden,2005,0.2385
Sweden,2006,0.2476
Sweden,2007,0.2591
Sweden,2008,0.2615
Sweden,2009,0.248
Sweden,2010,0.2689
Sweden,2011,0.262
Sweden,2012,0.2398
Sweden,2013,0.2397
Sweden,2014,0.2434
Sweden,2015,0.2433
Sweden,2016,0.2221
Sweden,2017,0.2332
Sweden,2018,0.2354
Sweden,2019,0.244
Sweden,2020,0.2407
Sweden,2021,0.2455
Sweden,2022,0.2477
Sweden,2023,0.2427
Sweden,2024,0.2431
Switzerland,1990,0.2931
Switzerland,1991,0.2842
Switzerland,1992,0.2828
Switzerland,1993,0.2802
Switzerland,1994,0.2743
Switzerland,1995,0.2755
Switzerland,1996,0.2819
Switzerland,1997,0.2899
Switzerland,1998,0.2916
Switzerland,1999,0.2883
Switzerland,2000,0.2936
Switzerland,2001,0.2905
Switzerland,2002,0.2726
Switzerland,2003,0.2912
Switzerland,2004,0.2947
Switzerland,2005,0.308
Switzerland,2006,0.3122
Switzerland,2007,0.2994
Switzerland,2008,0.269
Switzerland,2009,0.2782
Switzerland,2010,0.3047
Switzerland,2011,0.2966
Switzerland,2012,0.2911
Switzerland,2013,0.2883
Switzerland,2014,0.2854
Switzerland,2015,0.2833
Switzerland,2016,0.2801
Switzerland,2017,0.2682
Switzerland,2018,0.2629
Switzerland,2019,0.2552
Switzerland,2020,0.2518
Switzerland,2021,0.2546
Switzerland,2022,0.2676
Switzerland,2023,0.2619
Switzerland,2024,0.2632
Ukraine,1990,0.3064
Ukraine,1991,0.3851
Ukraine,1992,0.4644
Ukraine,1993,0.4587
Ukraine,1994,0.4551
Ukraine,1995,0.4765
Ukraine,1996,0.4045
Ukraine,1997,0.3749
Ukraine,1998,0.3351
Ukraine,1999,0.3173
Ukraine,2000,0.3356
Ukraine,2001,0.3646
Ukraine,2002,0.3604
Ukraine,2003,0.3657
Ukraine,2004,0.3891
Ukraine,2005,0.3578
Ukraine,2006,0.3798
Ukraine,2007,0.3674
Ukraine,2008,0.3601
Ukraine,2009,0.3269
Ukraine,2010,0.306
Ukraine,2011,0.314
Ukraine,2012,0.2825
Ukraine,2013,0.28
Ukraine,2014,0.3115
Ukraine,2015,0.3369
Ukraine,2016,0.3439
Ukraine,2017,0.3399
Ukraine,2018,0.3349
Ukraine,2019,0.3456
Ukraine,2020,0.3446
Ukraine,2021,0.3451
Ukraine,2022,0.3345
Ukraine,2023,0.3352
Ukraine,2024,0.3475
United Kingdom,1990,0.3479
United Kingdom,1991,0.3486
United Kingdom,1992,0.3468
United Kingdom,1993,0.3521
United Kingdom,1994,0.3483
United Kingdom,1995,0.3517
United Kingdom,1996,0.3596
United Kingdom,1997,0.3586
United Kingdom,1998,0.3467
United Kingdom,1999,0.3537
United Kingdom,2000,0.3382
United Kingdom,2001,0.3392
United Kingdom,2002,0.3433
United Kingdom,2003,0.3462
United Kingdom,2004,0.3403
United Kingdom,2005,0.3359
United Kingdom,2006,0.3468
United Kingdom,2007,0.3376
United Kingdom,2008,0.3171
United Kingdom,2009,0.3287
United Kingdom,2010,0.2911
United Kingdom,2011,0.3016
United Kingdom,2012,0.3273
United Kingdom,2013,0.3412
United Kingdom,2014,0.3255
United Kingdom,2015,0.3193
United Kingdom,2016,0.316
United Kingdom,2017,0.3018
United Kingdom,2018,0.32
United Kingdom,2019,0.3181
United Kingdom,2020,0.2992
United Kingdom,2021,0.307
United Kingdom,2022,0.3135
United Kingdom,2023,0.3075
United Kingdom,2024,0.3106
