Country,Year,Mean income per year
Albania,2016,3862.677105
Albania,2017,4043.7740449999997
Albania,2018,4232.6308850000005
Austria,1994,22919.75233
Austria,1995,22432.238255
Austria,1996,21522.428304999998
Austria,1997,21500.91995
Austria,1998,22545.33168
Austria,1999,23215.8469
Austria,2000,22562.75021
Austria,2003,23946.96745
Austria,2004,25271.453899999997
Austria,2005,24152.91505
Austria,2006,24726.441375
Austria,2007,25752.96774
Austria,2008,26183.609340000003
Austria,2009,27114.65864
Austria,2010,27388.640049999998
Austria,2011,26875.0449
Austria,2012,26260.6842
Austria,2013,27547.227075000003
Austria,2014,27122.569649999998
Austria,2015,27021.285799999998
Austria,2016,28245.2768
Austria,2017,27867.153589999998
Austria,2018,28159.2536
Austria,2019,28723.9013
Austria,2020,28798.4708
Austria,2021,28745.100499999997
Austria,2022,30085.752800000002
Austria,2023,29795.4026
Belarus,1993,2398.3004995
Belarus,1995,3580.618975
Belgium,1992,16374.3745
Belgium,1995,19621.960905
Belgium,1997,19293.97665
Belgium,2000,23151.83174
Belgium,2003,20752.70426
Belgium,2004,22393.150405
Belgium,2005,22367.58106
Belgium,2006,21988.84465
Belgium,2007,22627.82241
Belgium,2008,22931.354949999997
Belgium,2009,23168.908995
Belgium,2010,22997.930949999998
Belgium,2011,22437.5574
Belgium,2012,23075.133195000002
Belgium,2013,23027.103575
Belgium,2014,23303.244325
Belgium,2015,23579.0584
Belgium,2016,23324.184374999997
Belgium,2017,23582.129510000002
Belgium,2018,24135.11035
Belgium,2019,24972.799949999997
Belgium,2020,24871.7059
Belgium,2021,25855.932050000003
Belgium,2022,24962.789825
Belgium,2023,25522.119475
Bulgaria,1992,8621.02333
Bulgaria,2006,4489.416415
Bulgaria,2007,6353.675815
Bulgaria,2008,6986.024445
Bulgaria,2009,7290.003380000001
Bulgaria,2010,6980.990000000001
Bulgaria,2011,6468.5201449999995
Bulgaria,2012,6800.116805
Bulgaria,2013,7593.385175
Bulgaria,2014,8093.450140000001
Bulgaria,2015,7724.6253050000005
Bulgaria,2016,9230.87555
Bulgaria,2017,9185.69877
Bulgaria,2018,10651.46869
Bulgaria,2019,11004.47771
Bulgaria,2020,12388.653704999999
Bulgaria,2021,12221.45852
Bulgaria,2022,12924.885425
Bulgaria,2023,14385.234
Croatia,2009,9816.147574999999
Croatia,2010,9083.069529999999
Croatia,2011,8758.20858
Croatia,2012,8325.393769999999
Croatia,2013,8199.839975
Croatia,2014,8653.728425
Croatia,2015,9030.87891
Croatia,2016,9755.1798
Croatia,2017,10263.11234
Croatia,2018,11020.93118
Croatia,2019,11699.56984
Croatia,2020,12186.447355
Croatia,2021,12939.961749999999
Croatia,2022,13186.47034
Croatia,2023,15094.254529999998
Cyprus,2004,18206.924525
Cyprus,2005,19439.866055
Cyprus,2006,21353.78845
Cyprus,2007,21394.557855
Cyprus,2008,21229.7213
Cyprus,2009,20998.45
Cyprus,2010,21328.06544
Cyprus,2011,21229.938475
Cyprus,2012,20050.148975
Cyprus,2013,19243.680379999998
Cyprus,2014,17934.990400000002
Cyprus,2015,18274.054594999998
Cyprus,2016,18885.0489
Cyprus,2017,19277.1246
Cyprus,2018,20755.712955
Cyprus,2019,20902.59735
Cyprus,2020,21451.09745
Cyprus,2021,22010.144225
Cyprus,2022,21731.887205
Cyprus,2023,23131.94435
Czechia,1992,7612.3505749999995
Czechia,1993,8247.850615000001
Czechia,1996,9337.37817
Czechia,2002,10313.62104
Czechia,2004,11099.974849999999
Czechia,2005,11397.047985000001
Czechia,2006,12025.573605
Czechia,2007,12661.38864
Czechia,2008,12972.806275
Czechia,2009,13160.643305
Czechia,2010,13137.155555
Czechia,2011,13123.174594999999
Czechia,2012,12902.11052
Czechia,2013,12987.572349999999
Czechia,2014,13290.695725
Czechia,2015,13839.0845
Czechia,2016,14352.53511
Czechia,2017,14834.976779999999
Czechia,2018,15536.99515
Czechia,2019,16258.68483
Czechia,2020,16535.47017
Czechia,2021,17440.81909
Czechia,2022,16336.012999999999
Czechia,2023,15822.516399999999
Denmark,1992,19649.95969
Denmark,1995,20365.333045
Denmark,2000,21750.63981
Denmark,2003,21247.85669
Denmark,2004,21620.150120000002
Denmark,2005,21869.082675
Denmark,2006,22557.9198
Denmark,2007,22972.38679
Denmark,2008,22731.415250000002
Denmark,2009,23063.75359
Denmark,2010,24207.32925
Denmark,2011,23821.3673
Denmark,2012,23679.411500000002
Denmark,2013,24256.3524
Denmark,2014,24423.312525
Denmark,2015,24659.59126
Denmark,2016,25074.507200000004
Denmark,2017,25681.489425000003
Denmark,2018,25930.943199999998
Denmark,2019,25929.477725
Denmark,2020,26666.1189
Denmark,2021,27341.1718
Denmark,2022,26230.445774999997
Denmark,2023,26525.938825
Estonia,1993,4867.071695000001
Estonia,2003,6138.479845
Estonia,2004,6676.071555
Estonia,2005,7728.340639999999
Estonia,2006,8999.12537
Estonia,2007,10126.415095
Estonia,2008,10474.599545
Estonia,2009,9862.07516
Estonia,2010,9270.549589999999
Estonia,2011,9609.114099999999
Estonia,2012,10162.16064
Estonia,2013,11068.13444
Estonia,2014,11957.86428
Estonia,2015,12785.7602
Estonia,2016,13597.58663
Estonia,2017,14376.76965
Estonia,2018,15236.9177
Estonia,2019,16043.356
Estonia,2020,16761.6176
Estonia,2021,18986.38969
Estonia,2022,16138.739625
Estonia,2023,15986.1167
Finland,1991,16458.01571
Finland,1995,15298.151195
Finland,2000,17748.75645
Finland,2003,18818.74738
Finland,2004,19727.106455
Finland,2005,20395.387145
Finland,2006,20712.26591
Finland,2007,21479.540805
Finland,2008,21724.211255
Finland,2009,22150.572500000002
Finland,2010,22484.54677
Finland,2011,22612.88661
Finland,2012,22667.07013
Finland,2013,22578.1335
Finland,2014,22461.331675
Finland,2015,22666.7774
Finland,2016,22924.245479999998
Finland,2017,23402.89334
Finland,2018,23771.01555
Finland,2019,24187.7762
Finland,2020,24177.649275
Finland,2021,24674.93221
Finland,2022,24033.70386
Finland,2023,23529.031499999997
France,1990,17448.31035
France,1996,18639.245125
France,1997,18761.3139
France,1998,19242.768245
France,1999,19774.75465
France,2000,20254.74425
France,2001,20786.208705
France,2002,21304.04625
France,2003,19777.389219999997
France,2004,20099.55866
France,2005,19853.72605
France,2006,19585.679905
France,2007,23790.6781
France,2008,23999.939899999998
France,2009,24205.101290000002
France,2010,24309.5402
France,2011,24436.4069
France,2012,24224.30175
France,2013,23989.376800000002
France,2014,24261.564599999998
France,2015,24574.60685
France,2016,24662.400299999998
France,2017,24522.484849999997
France,2018,24927.733399999997
France,2019,23508.0294
France,2020,24013.412050000003
France,2021,24079.32375
France,2022,24119.6891
France,2023,24382.63145
Germany,1991,21187.951795
Germany,1992,21501.286775
Germany,1993,21583.1289
Germany,1994,21104.34307
Germany,1995,21336.75025
Germany,1996,21570.84081
Germany,1997,21238.84265
Germany,1998,21938.856805
Germany,1999,22579.35552
Germany,2000,22949.76628
Germany,2001,22950.836825
Germany,2002,23356.573379999998
Germany,2003,23181.96395
Germany,2004,23382.40005
Germany,2005,23427.13445
Germany,2006,23641.0573
Germany,2007,23887.970675
Germany,2008,23736.7968
Germany,2009,23914.252500000002
Germany,2010,24007.285159999996
Germany,2011,24157.663699999997
Germany,2012,24119.4263
Germany,2013,24332.3162
Germany,2014,24298.854825
Germany,2015,25239.374050000002
Germany,2016,25742.9682
Germany,2017,25824.32086
Germany,2018,26752.496150000003
Germany,2019,27192.1277
Germany,2020,29066.69835
Greece,1995,11179.55507
Greece,2000,12670.530795
Greece,2002,14666.117925
Greece,2003,14352.348595
Greece,2004,15126.469794999999
Greece,2005,15292.20571
Greece,2006,15432.88036
Greece,2007,15881.719400000002
Greece,2008,16136.852939999999
Greece,2009,16381.870139999999
Greece,2010,14202.42375
Greece,2011,11784.92874
Greece,2012,10230.114880000001
Greece,2013,9770.636455
Greece,2014,9736.58232
Greece,2015,9895.522665
Greece,2016,10103.8716
Greece,2017,10255.490775
Greece,2018,10610.796375
Greece,2019,11280.66153
Greece,2020,11410.401875
Greece,2021,12172.2171
Greece,2022,12084.831355
Greece,2023,12497.937624999999
Hungary,1991,7160.71965
Hungary,1993,5930.24187
Hungary,1994,6458.917725
Hungary,1999,5884.78258
Hungary,2004,7122.4019499999995
Hungary,2005,7851.969425
Hungary,2006,7641.7495
Hungary,2007,7454.552315
Hungary,2008,7621.705889999999
Hungary,2009,7261.389205
Hungary,2010,7556.639895
Hungary,2011,7640.83116
Hungary,2012,7231.632944999999
Hungary,2013,7483.135464999999
Hungary,2014,7864.537104999999
Hungary,2015,8253.79391
Hungary,2016,8614.900819999999
Hungary,2017,9057.78087
Iceland,2003,19662.098495000002
Iceland,2004,20108.70629
Iceland,2005,20976.9442
Iceland,2006,24042.09156
Iceland,2007,25393.584725
Iceland,2008,26461.07139
Iceland,2009,22211.93411
Iceland,2010,19718.32492
Iceland,2011,19706.76683
Iceland,2012,20117.198379999998
Iceland,2013,20555.633095
Iceland,2014,21687.909450000003
Iceland,2015,23157.401275
Iceland,2016,25088.333399999996
Iceland,2017,25998.068525000002
Iceland,2018,24323.0963
Iceland,2019,24941.22015
Ireland,1994,10660.18708
Ireland,1995,11002.47897
Ireland,1996,11525.851375
Ireland,2000,14410.33213
Ireland,2002,15863.934045000002
Ireland,2003,16275.987654999999
Ireland,2004,16904.67789
Ireland,2005,17747.73372
Ireland,2006,18924.7609
Ireland,2007,18791.990325
Ireland,2008,17362.00829
Ireland,2009,17080.345455000002
Ireland,2010,16419.31695
Ireland,2011,15980.22998
Ireland,2012,16101.829000000002
Ireland,2013,16065.626475
Ireland,2014,16853.98085
Ireland,2015,17388.77812
Ireland,2016,18575.698989999997
Ireland,2017,19736.04275
Ireland,2018,20208.317345
Ireland,2019,20766.2735
Ireland,2020,21689.828255
Ireland,2021,22134.678939999998
Ireland,2022,21701.54366
Ireland,2023,21592.426545000002
Italy,1991,15143.2076
Italy,1993,14779.552259999999
Italy,1995,14669.08647
Italy,1998,15907.9045
Italy,2000,16213.374459999999
Italy,2002,16221.969480000002
Italy,2003,19912.508205
Italy,2004,20485.4498
Italy,2005,20168.270275
Italy,2006,20557.478900000002
Italy,2007,20684.614605000002
Italy,2008,20384.9434
Italy,2009,20609.325324999998
Italy,2010,20235.25544
Italy,2011,19933.43256
Italy,2012,19033.874
Italy,2013,18817.35235
Italy,2014,18737.567
Italy,2015,19205.532404999998
Italy,2016,19664.521
Italy,2017,20008.245880000002
Italy,2018,20093.36534
Italy,2019,20866.08275
Italy,2020,20808.521155000002
Italy,2021,21564.551495
Italy,2022,21264.1481
Italy,2023,20990.81785
Kosovo,2017,3991.446185
Kosovo,2018,3424.3131999999996
Kosovo,2019,4610.986965
Kosovo,2020,6534.27599
Kosovo,2021,4344.9886525
Kosovo,2022,4506.344385
Latvia,1993,3558.34996
Latvia,1995,4214.420305000001
Latvia,1996,4087.454325
Latvia,2004,5612.045455
Latvia,2005,6423.472575000001
Latvia,2006,7626.4578249999995
Latvia,2007,9924.828150000001
Latvia,2008,9664.66929
Latvia,2009,7957.71832
Latvia,2010,7517.92471
Latvia,2011,7680.551920000001
Latvia,2012,7889.847299999999
Latvia,2013,8733.59809
Latvia,2014,9572.239974999999
Latvia,2015,10286.472705
Latvia,2016,10804.07811
Latvia,2017,11714.210355000001
Latvia,2018,12755.034500000002
Latvia,2019,13248.512675
Latvia,2020,14283.23694
Latvia,2021,14929.285844999999
Latvia,2022,13864.9265
Latvia,2023,14606.603945
Lithuania,1993,2372.519345
Lithuania,2004,5741.67557
Lithuania,2005,6650.5051300000005
Lithuania,2006,8282.489115
Lithuania,2007,9828.186005
Lithuania,2008,10521.29874
Lithuania,2009,8718.992615000001
Lithuania,2010,7844.7661499999995
Lithuania,2011,8577.63286
Lithuania,2012,9236.11695
Lithuania,2013,9647.348215
Lithuania,2014,10540.534239999999
Lithuania,2015,11604.2698
Lithuania,2016,12414.710325000002
Lithuania,2017,13220.34015
Lithuania,2018,14196.052675
Lithuania,2019,15625.890169999999
Lithuania,2020,17777.961925
Lithuania,2021,18333.2857
Lithuania,2022,17090.69795
Lithuania,2023,16982.918925
Luxembourg,1990,25072.729649999997
Luxembourg,1991,25158.0995
Luxembourg,1992,26181.351450000002
Luxembourg,1993,26224.69885
Luxembourg,1994,24990.1849
Luxembourg,1995,25587.9016
Luxembourg,1996,25665.925460000002
Luxembourg,1997,26574.741149999998
Luxembourg,1998,27111.83865
Luxembourg,1999,28053.22621
Luxembourg,2000,27998.3908
Luxembourg,2001,28785.90385
Luxembourg,2002,30546.260524999998
Luxembourg,2003,29856.611275
Luxembourg,2004,30663.88725
Luxembourg,2005,31697.65704
Luxembourg,2006,31330.189639999997
Luxembourg,2007,31739.779499999997
Luxembourg,2008,31644.32105
Luxembourg,2009,31529.681849999997
Luxembourg,2010,30936.126150000004
Luxembourg,2011,30575.130200000003
Luxembourg,2012,30994.705
Luxembourg,2013,30791.60075
Luxembourg,2014,31079.2974
Luxembourg,2015,29026.8221
Luxembourg,2016,31450.3856
Luxembourg,2017,31512.026800000003
Luxembourg,2018,33093.85285
Luxembourg,2019,33309.21745
Luxembourg,2020,36809.20975
Luxembourg,2021,36717.55971
Luxembourg,2022,37692.6083
Luxembourg,2023,38725.023575
Malta,2006,13654.55656
Malta,2007,14882.921354999999
Malta,2008,15269.25524
Malta,2009,14976.342375
Malta,2010,15164.850275
Malta,2011,15472.7807
Malta,2012,16027.347099999999
Malta,2013,16888.72885
Malta,2014,17884.23715
Malta,2015,17970.758575
Malta,2016,19108.412109999997
Malta,2017,19240.3399
Malta,2018,19722.0523
Malta,2019,21484.21025
Malta,2020,22445.074575
Malta,2021,23553.747475
Malta,2022,23888.28275
Montenegro,2012,6205.40807
Montenegro,2013,6155.139540000001
Montenegro,2014,6377.68588
Montenegro,2015,6460.7701
Montenegro,2016,7059.18395
Montenegro,2017,6959.5535500000005
Montenegro,2018,6766.88173
Montenegro,2019,7072.8477250000005
Montenegro,2020,6964.296725
Montenegro,2021,7532.493685
Netherlands,1990,19811.113395
Netherlands,1993,18271.631725000003
Netherlands,1999,21561.32964
Netherlands,2004,21725.503355
Netherlands,2005,21957.30865
Netherlands,2006,23322.92695
Netherlands,2007,24437.6917
Netherlands,2008,24407.019289999997
Netherlands,2009,24053.456199999997
Netherlands,2010,23759.023839999998
Netherlands,2011,23485.165800000002
Netherlands,2012,23159.386875
Netherlands,2013,22690.748775
Netherlands,2014,23059.41155
Netherlands,2015,24436.0054
Netherlands,2016,25246.34774
Netherlands,2017,25446.85465
Netherlands,2018,25501.091825
Netherlands,2019,26478.1877
Netherlands,2020,27094.592399999998
Netherlands,2021,27556.001675000003
North Macedonia,2009,4396.34616
North Macedonia,2010,4396.71189
North Macedonia,2011,4542.366235
North Macedonia,2012,4568.162975
North Macedonia,2013,4569.41602
North Macedonia,2014,4865.741635
North Macedonia,2015,5077.33396
North Macedonia,2016,5381.9848600000005
North Macedonia,2017,5603.74645
North Macedonia,2018,5752.871215
North Macedonia,2019,6284.10572
Norway,1991,17304.6719
Norway,1995,17558.90681
Norway,2000,21397.0884
Norway,2003,22771.753955
Norway,2004,24062.33081
Norway,2005,24653.97245
Norway,2006,23685.14784
Norway,2007,26178.265375000003
Norway,2008,27117.21875
Norway,2009,27145.343460000004
Norway,2010,27227.467
Norway,2011,28567.905410000003
Norway,2012,29226.23766
Norway,2013,30671.055849999997
Norway,2014,31158.675410000003
Norway,2015,31532.503300000004
Norway,2016,31373.52755
Norway,2017,30763.295000000002
Norway,2018,31005.270290000004
Norway,2019,31840.41365
Norway,2020,30803.390249999997
Norway,2021,31785.935575
Norway,2022,30957.456749999998
Norway,2023,31660.519750000003
Poland,1992,6640.51362
Poland,1995,5465.08003
Poland,1999,6544.386855
Poland,2004,7082.974284999999
Poland,2005,7500.705104999999
Poland,2006,8020.405975
Poland,2007,9012.776005
Poland,2008,9718.210045
Poland,2009,9883.174350000001
Poland,2010,10082.378575
Poland,2011,10159.821355
Poland,2012,10108.43118
Poland,2013,10357.67216
Poland,2014,10646.8894
Poland,2015,11193.615235000001
Poland,2016,11980.766205
Poland,2017,12310.57692
Poland,2018,13233.229759999998
Poland,2019,14491.073779999999
Poland,2020,14852.31355
Poland,2021,15699.646449999998
Poland,2022,15867.607405
Poland,2023,16079.937394999999
Portugal,2003,12055.119625
Portugal,2004,12453.83431
Portugal,2005,12417.227729999999
Portugal,2006,12637.73445
Portugal,2007,12730.59045
Portugal,2008,12617.857645
Portugal,2009,12898.56126
Portugal,2010,12676.718640000001
Portugal,2011,12138.8634
Portugal,2012,11429.36253
Portugal,2013,11402.469695
Portugal,2014,11606.03348
Portugal,2015,12217.34205
Portugal,2016,12528.40965
Portugal,2017,12616.673949999999
Portugal,2018,13315.567555
Portugal,2019,14232.591
Portugal,2020,14765.610719999999
Portugal,2021,14752.30501
Portugal,2022,14911.891039999999
Portugal,2023,14989.528
Romania,1992,4594.3148599999995
Romania,1994,1965.715676
Romania,1995,3769.863445
Romania,1997,3455.1648250000003
Romania,2006,3987.899845
Romania,2007,4343.881425
Romania,2008,4890.801805
Romania,2009,4995.339994999999
Romania,2010,4775.7928600000005
Romania,2011,4476.931955
Romania,2012,4506.76012
Romania,2013,4537.8245400000005
Romania,2014,4707.89264
Romania,2015,5079.186334999999
Romania,2016,5784.832805
Romania,2017,7247.64148
Romania,2018,8159.25526
Romania,2019,8835.65136
Romania,2020,9905.711275
Romania,2021,10878.6206
Romania,2022,11074.68546
Romania,2023,11919.241805
Russia,2014,15556.52995
Russia,2015,14296.305400000001
Russia,2016,13779.845730000001
Russia,2017,13350.8751
Russia,2018,13642.16189
Russia,2019,13841.11755
Russia,2020,13818.38097
Russia,2021,14040.667795
Russia,2022,13839.86633
Russia,2023,15006.18295
Serbia,2012,5664.508365000001
Serbia,2013,5190.4233699999995
Serbia,2014,5229.02942
Serbia,2015,5367.27098
Serbia,2016,5484.691845
Serbia,2017,5517.42906
Serbia,2018,6280.534925
Serbia,2019,7114.73768
Serbia,2020,7665.190895000001
Serbia,2021,7994.86364
Serbia,2022,8020.39831
Slovakia,1992,6295.677680000001
Slovakia,1996,6443.532245
Slovakia,2004,6702.290599999999
Slovakia,2005,7683.221895
Slovakia,2006,8287.23302
Slovakia,2007,8593.001185000001
Slovakia,2008,8937.66448
Slovakia,2009,9505.236560000001
Slovakia,2010,9719.306504999999
Slovakia,2011,10086.908225
Slovakia,2012,9255.93572
Slovakia,2013,9497.68252
Slovakia,2014,9260.7581
Slovakia,2015,9454.4125
Slovakia,2016,9563.835850000001
Slovakia,2017,9863.794310000001
Slovakia,2018,10421.137630000001
Slovakia,2019,10687.001075
Slovakia,2020,10255.94447
Slovakia,2021,10194.867925
Slovakia,2022,9235.96292
Slovakia,2023,9288.35794
Slovenia,1993,9578.094939999999
Slovenia,1997,10903.71289
Slovenia,1999,10962.465115
Slovenia,2004,13645.7075
Slovenia,2005,14126.78115
Slovenia,2006,14625.956610000001
Slovenia,2007,15388.88545
Slovenia,2008,15847.003154999999
Slovenia,2009,15950.906975
Slovenia,2010,15973.190225
Slovenia,2011,15836.79155
Slovenia,2012,15183.124
Slovenia,2013,15101.79105
Slovenia,2014,15473.39536
Slovenia,2015,15531.55884
Slovenia,2016,15999.3005
Slovenia,2017,16374.241274999998
Slovenia,2018,17405.2075
Slovenia,2019,17778.6025
Slovenia,2020,18656.416549999998
Slovenia,2021,19639.33746
Slovenia,2022,19650.633845
Slovenia,2023,19969.056195
Spain,1990,10898.357975
Spain,1993,12203.403794999998
Spain,1994,12066.223655
Spain,1995,12077.847445
Spain,1996,12140.896449999998
Spain,1997,12665.525549999998
Spain,1998,13575.895045
Spain,1999,14457.3507
Spain,2000,15209.256904999998
Spain,2003,15706.39384
Spain,2004,15911.16176
Spain,2005,16319.88219
Spain,2006,16470.374245
Spain,2007,19634.915849999998
Spain,2008,19965.76499
Spain,2009,19942.040355
Spain,2010,18858.02065
Spain,2011,18152.7129
Spain,2012,17294.52855
Spain,2013,16821.466650000002
Spain,2014,16907.514305
Spain,2015,17394.137049999998
Spain,2016,18029.467
Spain,2017,18224.6763
Spain,2018,18327.0077
Spain,2019,19150.550629999998
Spain,2020,19204.972859999998
Spain,2021,19731.11233
Spain,2022,19726.96885
Spain,2023,20020.05436
Sweden,1992,14994.387245000002
Sweden,1995,14148.378200000001
Sweden,2000,16464.536799999998
Sweden,2001,17012.451074999997
Sweden,2002,17420.052050000002
Sweden,2003,16021.956049999999
Sweden,2004,16448.39869
Sweden,2005,16611.962489999998
Sweden,2006,17600.3292
Sweden,2007,18655.37265
Sweden,2008,19272.027739999998
Sweden,2009,19393.11576
Sweden,2010,19694.1079
Sweden,2011,19898.950645
Sweden,2012,20365.468095
Sweden,2013,20897.680800000002
Sweden,2014,21392.673725
Sweden,2015,22132.236725
Sweden,2016,22479.423995
Sweden,2017,22464.627625
Sweden,2018,22714.68
Sweden,2019,23161.78675
Sweden,2020,23605.962549999997
Sweden,2021,23618.1937
Sweden,2022,23708.1881
Sweden,2023,22934.368025
Switzerland,1992,27968.3878
Switzerland,2000,27653.462150000003
Switzerland,2002,28573.813299999998
Switzerland,2004,27609.987
Switzerland,2006,28939.61265
Switzerland,2007,29696.7431
Switzerland,2008,29905.71436
Switzerland,2009,29779.39735
Switzerland,2010,29891.70785
Switzerland,2011,30316.275849999998
Switzerland,2012,31065.810650000003
Switzerland,2013,30920.71585
Switzerland,2014,31293.681975
Switzerland,2015,31149.817225
Switzerland,2016,31712.802349999998
Switzerland,2017,31611.084150000002
Switzerland,2018,31047.673799999997
Switzerland,2019,31920.95455
Switzerland,2020,32270.478550000003
Switzerland,2021,32670.26524
Switzerland,2022,31897.2332
Ukraine,1999,1781.1594850000001
United Kingdom,1990,15562.563400000001
United Kingdom,1991,15707.20925
United Kingdom,1992,15173.10694
United Kingdom,1993,15101.76769
United Kingdom,1994,16451.64427
United Kingdom,1995,16485.91996
United Kingdom,1996,17133.6767
United Kingdom,1997,17750.3077
United Kingdom,1998,18711.390659999997
United Kingdom,1999,19162.73944
United Kingdom,2000,21003.91186
United Kingdom,2001,21262.419459999997
United Kingdom,2002,20642.62245
United Kingdom,2003,21026.107509999998
United Kingdom,2004,21755.474599999998
United Kingdom,2005,22185.628194999998
United Kingdom,2006,22587.72789
United Kingdom,2007,22542.038650000002
United Kingdom,2008,22944.601895
United Kingdom,2009,22752.329019999997
United Kingdom,2010,22163.11244
United Kingdom,2011,21668.12134
United Kingdom,2012,21595.89514
United Kingdom,2013,21721.614279999998
United Kingdom,2014,22369.348025
United Kingdom,2015,22705.5988
United Kingdom,2016,22835.153725
United Kingdom,2017,22699.49016
United Kingdom,2018,23159.58288
United Kingdom,2019,23475.45315
United Kingdom,2020,23360.233600000003
United Kingdom,2021,23476.9825
