Country,Year,Number below 60% of median
Albania,1996,468949
Albania,2002,488789
Albania,2005,502189
Albania,2008,416140
Albania,2012,430501
Albania,2014,642412
Albania,2015,540449
Albania,2016,577118
Albania,2017,550249
Albania,2018,534536
Albania,2019,452479
Albania,2020,462832
Austria,1994,1248851
Austria,1995,1291050
Austria,1996,1232795
Austria,1997,1253498
Austria,1998,1229203
Austria,1999,1177373
Austria,2000,1141538
Austria,2003,1213296
Austria,2004,1255305
Austria,2005,1210522
Austria,2006,1208821
Austria,2007,1436707
Austria,2008,1432574
Austria,2009,1464219
Austria,2010,1436704
Austria,2011,1460034
Austria,2012,1404712
Austria,2013,1347803
Austria,2014,1480246
Austria,2015,1568032
Austria,2016,1519840
Austria,2017,1533806
Austria,2018,1551459
Austria,2019,1468884
Austria,2020,1484216
Austria,2021,1587973
Austria,2022,1585755
Austria,2023,1619306
Belarus,1998,1735236
Belarus,1999,1921713
Belarus,2000,1805191
Belarus,2001,1676973
Belarus,2002,1690099
Belarus,2003,1588716
Belarus,2004,1327138
Belarus,2005,1515873
Belarus,2006,1546272
Belarus,2007,1510384
Belarus,2008,1419862
Belarus,2009,1407923
Belarus,2010,1420180
Belarus,2011,1366302
Belarus,2012,1279616
Belarus,2013,1168159
Belarus,2014,1291983
Belarus,2015,1205083
Belarus,2016,1091424
Belarus,2017,1087526
Belarus,2018,999707
Belarus,2019,1027724
Belarus,2020,983698
Belgium,1992,1229638
Belgium,1995,1517993
Belgium,1997,1323259
Belgium,2000,1325270
Belgium,2003,1644348
Belgium,2004,1612812
Belgium,2005,1500663
Belgium,2006,1584436
Belgium,2007,1594554
Belgium,2008,1605610
Belgium,2009,1616818
Belgium,2010,1641029
Belgium,2011,1783892
Belgium,2012,1705547
Belgium,2013,1751497
Belgium,2014,1828607
Belgium,2015,1895634
Belgium,2016,1846279
Belgium,2017,1749015
Belgium,2018,1741865
Belgium,2019,1647329
Belgium,2020,1532045
Belgium,2021,1553180
Belgium,2022,1447690
Belgium,2023,1681613
Bosnia and Herzegovina,2001,579437
Bosnia and Herzegovina,2004,761238
Bosnia and Herzegovina,2007,758382
Bosnia and Herzegovina,2011,713924
Bulgaria,1992,1458148
Bulgaria,2006,1610511
Bulgaria,2007,1430853
Bulgaria,2008,1415322
Bulgaria,2009,1489493
Bulgaria,2010,1570421
Bulgaria,2011,1462089
Bulgaria,2012,1485209
Bulgaria,2013,1491637
Bulgaria,2014,1453850
Bulgaria,2015,1496126
Bulgaria,2016,1479091
Bulgaria,2017,1404521
Bulgaria,2018,1345721
Bulgaria,2019,1365311
Bulgaria,2020,1239218
Bulgaria,2021,1245608
Bulgaria,2022,1259839
Bulgaria,2023,1326652
Croatia,2009,886996
Croatia,2010,861603
Croatia,2011,892233
Croatia,2012,851318
Croatia,2013,881231
Croatia,2014,875011
Croatia,2015,846644
Croatia,2016,811273
Croatia,2017,771341
Croatia,2018,715084
Croatia,2019,672534
Croatia,2020,703640
Croatia,2021,668549
Croatia,2022,666323
Croatia,2023,686527
Cyprus,2004,148661
Cyprus,2005,143491
Cyprus,2006,147649
Cyprus,2007,153398
Cyprus,2008,163477
Cyprus,2009,159065
Cyprus,2010,159914
Cyprus,2011,155820
Cyprus,2012,177833
Cyprus,2013,179035
Cyprus,2014,197348
Cyprus,2015,200655
Cyprus,2016,189072
Cyprus,2017,195899
Cyprus,2018,180472
Cyprus,2019,187089
Cyprus,2020,190217
Cyprus,2021,201454
Cyprus,2022,188136
Cyprus,2023,188132
Czechia,1992,644797
Czechia,1993,837751
Czechia,1996,1134583
Czechia,2002,1322475
Czechia,2004,1364068
Czechia,2005,1363626
Czechia,2006,1274486
Czechia,2007,1121228
Czechia,2008,1088706
Czechia,2009,1162180
Czechia,2010,1336249
Czechia,2011,1379711
Czechia,2012,1320665
Czechia,2013,1293778
Czechia,2014,1164688
Czechia,2015,1149275
Czechia,2016,1045359
Czechia,2017,991550
Czechia,2018,969168
Czechia,2019,966085
Czechia,2020,1119901
Czechia,2021,1114329
Czechia,2022,1103899
Czechia,2023,1363637
Denmark,1992,542862
Denmark,1995,457838
Denmark,2000,520529
Denmark,2003,589146
Denmark,2004,579210
Denmark,2005,557440
Denmark,2006,548792
Denmark,2007,554185
Denmark,2008,572125
Denmark,2009,678026
Denmark,2010,644781
Denmark,2011,628628
Denmark,2012,606550
Denmark,2013,675346
Denmark,2014,632289
Denmark,2015,611387
Denmark,2016,696817
Denmark,2017,713456
Denmark,2018,703529
Denmark,2019,623684
Denmark,2020,667189
Denmark,2021,715462
Denmark,2022,694266
Denmark,2023,656715
Estonia,1993,327513
Estonia,2003,266679
Estonia,2004,233743
Estonia,2005,218217
Estonia,2006,209401
Estonia,2007,202226
Estonia,2008,204429
Estonia,2009,215968
Estonia,2010,231722
Estonia,2011,217732
Estonia,2012,216336
Estonia,2013,220742
Estonia,2014,217936
Estonia,2015,204208
Estonia,2016,198994
Estonia,2017,203330
Estonia,2018,204664
Estonia,2019,195600
Estonia,2020,192268
Estonia,2021,190273
Estonia,2022,204588
Estonia,2023,182480
Finland,1991,426056
Finland,1995,408036
Finland,2000,607587
Finland,2003,628107
Finland,2004,613076
Finland,2005,611187
Finland,2006,666617
Finland,2007,664834
Finland,2008,625825
Finland,2009,661723
Finland,2010,667945
Finland,2011,662132
Finland,2012,650335
Finland,2013,684693
Finland,2014,660083
Finland,2015,668214
Finland,2016,670032
Finland,2017,674662
Finland,2018,675313
Finland,2019,716790
Finland,2020,647335
Finland,2021,707669
Finland,2022,677141
Finland,2023,707615
France,1990,10483533
France,1996,11347555
France,1997,11243664
France,1998,10984251
France,1999,11192069
France,2000,11268682
France,2001,11198882
France,2002,10662110
France,2003,9677290
France,2004,9764091
France,2005,9368960
France,2006,10105493
France,2007,9981687
France,2008,10863094
France,2009,11173887
France,2010,11193941
France,2011,10620092
France,2012,11016708
France,2013,10644939
France,2014,11092784
France,2015,11307537
France,2016,11150626
France,2017,10976426
France,2018,10715868
France,2019,12226488
France,2020,12179695
France,2021,12353962
France,2022,12326896
France,2023,12765896
Germany,1991,11999468
Germany,1992,11485541
Germany,1993,11360912
Germany,1994,12822719
Germany,1995,12649588
Germany,1996,12067089
Germany,1997,12078018
Germany,1998,11279753
Germany,1999,11696666
Germany,2000,11912590
Germany,2001,11521586
Germany,2002,11736516
Germany,2003,11755939
Germany,2004,12169979
Germany,2005,13188168
Germany,2006,12356276
Germany,2007,12540272
Germany,2008,12109761
Germany,2009,12689564
Germany,2010,12670752
Germany,2011,12035384
Germany,2012,13064970
Germany,2013,13098143
Germany,2014,13562502
Germany,2015,13475432
Germany,2016,14199759
Germany,2017,14044263
Germany,2018,14300705
Germany,2019,14110450
Germany,2020,14342006
Greece,1995,2480830
Greece,2000,2403436
Greece,2002,2342032
Greece,2003,2226130
Greece,2004,2219807
Greece,2005,2219321
Greece,2006,2406442
Greece,2007,2280608
Greece,2008,2175488
Greece,2009,2215039
Greece,2010,2405330
Greece,2011,2600586
Greece,2012,2692796
Greece,2013,2617501
Greece,2014,2527060
Greece,2015,2553189
Greece,2016,2393914
Greece,2017,2317703
Greece,2018,2223047
Greece,2019,2230732
Greece,2020,2259721
Greece,2021,2159391
Greece,2022,1972994
Greece,2023,2019481
Hungary,1991,1475833
Hungary,1993,1205719
Hungary,1994,1827380
Hungary,1999,1635766
Hungary,2004,1696552
Hungary,2005,1957256
Hungary,2006,1569286
Hungary,2007,1609875
Hungary,2008,1629356
Hungary,2009,1658671
Hungary,2010,1769380
Hungary,2011,1712622
Hungary,2012,1887274
Hungary,2013,1892848
Hungary,2014,1932053
Hungary,2015,1770057
Hungary,2016,1889605
Hungary,2017,1672520
Iceland,2003,34104
Iceland,2004,28941
Iceland,2005,35112
Iceland,2006,35193
Iceland,2007,37436
Iceland,2008,41587
Iceland,2009,41405
Iceland,2010,38895
Iceland,2011,42516
Iceland,2012,42275
Iceland,2013,38135
Iceland,2014,40262
Iceland,2015,42152
Iceland,2016,41084
Iceland,2017,41903
Iceland,2018,50745
Iceland,2019,46538
Ireland,1994,707804
Ireland,1995,703627
Ireland,1996,708252
Ireland,2000,664163
Ireland,2002,668235
Ireland,2003,716927
Ireland,2004,709895
Ireland,2005,693510
Ireland,2006,708001
Ireland,2007,688865
Ireland,2008,697320
Ireland,2009,804767
Ireland,2010,816181
Ireland,2011,823963
Ireland,2012,874008
Ireland,2013,880467
Ireland,2014,781530
Ireland,2015,770797
Ireland,2016,733794
Ireland,2017,716101
Ireland,2018,668705
Ireland,2019,652597
Ireland,2020,678079
Ireland,2021,687922
Ireland,2022,664942
Ireland,2023,623346
Italy,1991,10925803
Italy,1993,13194873
Italy,1995,12641314
Italy,1998,12644849
Italy,2000,12238433
Italy,2002,12408713
Italy,2003,11650042
Italy,2004,11554736
Italy,2005,12003650
Italy,2006,11890475
Italy,2007,11715168
Italy,2008,12156143
Italy,2009,12064708
Italy,2010,12237809
Italy,2011,12628949
Italy,2012,12777749
Italy,2013,12892248
Italy,2014,13025456
Italy,2015,13702495
Italy,2016,13423175
Italy,2017,13576458
Italy,2018,12957648
Italy,2019,12752508
Italy,2020,13014016
Italy,2021,12417426
Italy,2022,12627324
Italy,2023,12508876
Kosovo,2017,500470
Kosovo,2018,553021
Kosovo,2019,429755
Kosovo,2020,511754
Kosovo,2021,576947
Kosovo,2022,475797
Latvia,1993,354093
Latvia,1995,427057
Latvia,1996,429178
Latvia,2004,403340
Latvia,2005,431159
Latvia,2006,380362
Latvia,2007,485223
Latvia,2008,464414
Latvia,2009,450117
Latvia,2010,470891
Latvia,2011,422674
Latvia,2012,410669
Latvia,2013,371408
Latvia,2014,363416
Latvia,2015,337861
Latvia,2016,369077
Latvia,2017,369847
Latvia,2018,361286
Latvia,2019,340248
Latvia,2020,361557
Latvia,2021,354507
Latvia,2022,350415
Latvia,2023,332694
Lithuania,1993,618311
Lithuania,2004,731551
Lithuania,2005,659676
Lithuania,2006,555947
Lithuania,2007,582601
Lithuania,2008,589525
Lithuania,2009,695351
Lithuania,2010,700961
Lithuania,2011,596222
Lithuania,2012,609141
Lithuania,2013,581030
Lithuania,2014,610690
Lithuania,2015,565242
Lithuania,2016,626882
Lithuania,2017,552597
Lithuania,2018,526731
Lithuania,2019,527295
Lithuania,2020,471730
Lithuania,2021,502320
Lithuania,2022,523317
Lithuania,2023,537662
Luxembourg,1990,52495
Luxembourg,1991,53071
Luxembourg,1992,52776
Luxembourg,1993,48538
Luxembourg,1994,58354
Luxembourg,1995,56087
Luxembourg,1996,66097
Luxembourg,1997,61630
Luxembourg,1998,70931
Luxembourg,1999,69938
Luxembourg,2000,68657
Luxembourg,2001,68407
Luxembourg,2002,70258
Luxembourg,2003,70812
Luxembourg,2004,76569
Luxembourg,2005,77210
Luxembourg,2006,79215
Luxembourg,2007,79708
Luxembourg,2008,86637
Luxembourg,2009,97269
Luxembourg,2010,93277
Luxembourg,2011,102564
Luxembourg,2012,109654
Luxembourg,2013,107036
Luxembourg,2014,98945
Luxembourg,2015,105707
Luxembourg,2016,107313
Luxembourg,2017,126299
Luxembourg,2018,129126
Luxembourg,2019,128438
Luxembourg,2020,132296
Luxembourg,2021,135803
Luxembourg,2022,150689
Luxembourg,2023,136878
Malta,2006,66035
Malta,2007,70485
Malta,2008,71270
Malta,2009,70070
Malta,2010,69473
Malta,2011,70035
Malta,2012,70402
Malta,2013,65259
Malta,2014,70455
Malta,2015,71097
Malta,2016,70244
Malta,2017,76502
Malta,2018,79977
Malta,2019,75197
Malta,2020,82588
Malta,2021,80074
Malta,2022,97080
Moldova,1997,603220
Moldova,1998,669223
Moldova,1999,612751
Moldova,2000,579893
Moldova,2001,588305
Moldova,2002,603575
Moldova,2003,503296
Moldova,2004,562926
Moldova,2005,571763
Moldova,2006,571169
Moldova,2007,560895
Moldova,2008,526961
Moldova,2009,533430
Moldova,2010,461387
Moldova,2011,436710
Moldova,2012,402460
Moldova,2013,396921
Moldova,2014,342182
Moldova,2015,324418
Moldova,2016,286533
Moldova,2017,302171
Moldova,2018,264440
Moldova,2019,277622
Moldova,2020,260504
Moldova,2021,274555
Moldova,2022,249614
Moldova,2023,257772
Montenegro,2012,176366
Montenegro,2013,172161
Montenegro,2014,167685
Montenegro,2015,165608
Montenegro,2016,154889
Montenegro,2017,151547
Montenegro,2018,161452
Montenegro,2019,148621
Montenegro,2020,143686
Montenegro,2021,141943
Netherlands,1990,2017624
Netherlands,1993,2210499
Netherlands,1999,1976369
Netherlands,2004,2378159
Netherlands,2005,2285480
Netherlands,2006,2234970
Netherlands,2007,2192743
Netherlands,2008,2304050
Netherlands,2009,2391920
Netherlands,2010,2379594
Netherlands,2011,2296654
Netherlands,2012,2191441
Netherlands,2013,2329625
Netherlands,2014,2294249
Netherlands,2015,2329025
Netherlands,2016,2397161
Netherlands,2017,2335357
Netherlands,2018,2395488
Netherlands,2019,2551161
Netherlands,2020,2381361
Netherlands,2021,2253016
North Macedonia,2009,541500
North Macedonia,2010,524802
North Macedonia,2011,504357
North Macedonia,2012,489440
North Macedonia,2013,466418
North Macedonia,2014,448207
North Macedonia,2015,472976
North Macedonia,2016,475610
North Macedonia,2017,469290
North Macedonia,2018,459465
North Macedonia,2019,456983
Norway,1991,436802
Norway,1995,468450
Norway,2000,437467
Norway,2003,507529
Norway,2004,517722
Norway,2005,499266
Norway,2006,603673
Norway,2007,512097
Norway,2008,588286
Norway,2009,579730
Norway,2010,601589
Norway,2011,653976
Norway,2012,652873
Norway,2013,629062
Norway,2014,675385
Norway,2015,683604
Norway,2016,738549
Norway,2017,718183
Norway,2018,706350
Norway,2019,727577
Norway,2020,779513
Norway,2021,741540
Norway,2022,726022
Norway,2023,731287
Poland,1992,6038619
Poland,1995,7910841
Poland,1999,7344509
Poland,2004,9040680
Poland,2005,8469452
Poland,2006,7907496
Poland,2007,7317262
Poland,2008,7230778
Poland,2009,7445029
Poland,2010,7405768
Poland,2011,7539725
Poland,2012,7659179
Poland,2013,7450198
Poland,2014,7434682
Poland,2015,7449595
Poland,2016,6068706
Poland,2017,6132890
Poland,2018,6256573
Poland,2019,5676413
Poland,2020,5938316
Poland,2021,5763880
Poland,2022,5499171
Poland,2023,5572986
Portugal,2003,2024717
Portugal,2004,1930705
Portugal,2005,1753910
Portugal,2006,1822900
Portugal,2007,2012933
Portugal,2008,1980976
Portugal,2009,1933140
Portugal,2010,1894102
Portugal,2011,1868281
Portugal,2012,1938149
Portugal,2013,2105467
Portugal,2014,1997722
Portugal,2015,2011315
Portugal,2016,1806848
Portugal,2017,1761892
Portugal,2018,1745619
Portugal,2019,1667757
Portugal,2020,1783306
Portugal,2021,1745782
Portugal,2022,1851981
Portugal,2023,1815692
Romania,1992,3558416
Romania,1994,3653654
Romania,1995,4083150
Romania,1997,3777081
Romania,2006,5589678
Romania,2007,5089083
Romania,2008,4707687
Romania,2009,4682963
Romania,2010,4849489
Romania,2011,4948894
Romania,2012,5130952
Romania,2013,5213739
Romania,2014,5260428
Romania,2015,5040724
Romania,2016,4959043
Romania,2017,5063483
Romania,2018,4587649
Romania,2019,4871481
Romania,2020,4679785
Romania,2021,4441418
Romania,2022,4273194
Romania,2023,3832817
Russia,1993,39887907
Russia,1996,39831367
Russia,1997,32927449
Russia,1998,33585149
Russia,1999,33621747
Russia,2000,32690029
Russia,2001,31175240
Russia,2002,30428919
Russia,2003,32404006
Russia,2004,32973238
Russia,2005,32295912
Russia,2006,32593073
Russia,2007,32156640
Russia,2008,30768890
Russia,2009,29854206
Russia,2010,30036052
Russia,2011,29276394
Russia,2012,29506987
Russia,2013,29418660
Russia,2014,28483322
Russia,2015,27193847
Russia,2016,28230655
Russia,2017,26965828
Russia,2018,26876238
Russia,2019,27203968
Russia,2020,25328285
Serbia,2012,1831129
Serbia,2013,1882261
Serbia,2014,1893792
Serbia,2015,1830732
Serbia,2016,1785538
Serbia,2017,1691608
Serbia,2018,1605718
Serbia,2019,1452078
Serbia,2020,1435849
Serbia,2021,1258193
Serbia,2022,1362652
Slovakia,1992,397593
Slovakia,1996,779069
Slovakia,2004,875305
Slovakia,2005,777400
Slovakia,2006,720190
Slovakia,2007,682918
Slovakia,2008,680112
Slovakia,2009,777052
Slovakia,2010,812275
Slovakia,2011,832440
Slovakia,2012,855429
Slovakia,2013,884855
Slovakia,2014,862055
Slovakia,2015,857604
Slovakia,2016,787801
Slovakia,2017,758641
Slovakia,2018,808212
Slovakia,2019,713970
Slovakia,2020,843097
Slovakia,2021,813026
Slovakia,2022,875643
Slovakia,2023,791139
Slovenia,1993,268587
Slovenia,1997,223283
Slovenia,1999,222966
Slovenia,2004,230814
Slovenia,2005,229122
Slovenia,2006,231985
Slovenia,2007,226956
Slovenia,2008,212795
Slovenia,2009,233105
Slovenia,2010,245300
Slovenia,2011,256523
Slovenia,2012,264750
Slovenia,2013,283759
Slovenia,2014,271560
Slovenia,2015,268389
Slovenia,2016,266592
Slovenia,2017,243904
Slovenia,2018,220157
Slovenia,2019,229158
Slovenia,2020,221614
Slovenia,2021,223453
Slovenia,2022,215951
Slovenia,2023,224039
Spain,1990,6799731
Spain,1993,8263039
Spain,1994,8401656
Spain,1995,8032780
Spain,1996,8869991
Spain,1997,8501031
Spain,1998,8136502
Spain,1999,7859701
Spain,2000,8011627
Spain,2003,8418638
Spain,2004,8716540
Spain,2005,8617263
Spain,2006,9000207
Spain,2007,9334389
Spain,2008,9812464
Spain,2009,9828633
Spain,2010,10217069
Spain,2011,10799979
Spain,2012,10677284
Spain,2013,11316673
Spain,2014,10927652
Spain,2015,10946170
Spain,2016,10829356
Spain,2017,10650335
Spain,2018,10347850
Spain,2019,10378450
Spain,2020,10855667
Spain,2021,10338409
Spain,2022,9965109
Spain,2023,10144721
Sweden,1992,996755
Sweden,1995,1146128
Sweden,2000,1018596
Sweden,2001,977926
Sweden,2002,1047446
Sweden,2003,1154103
Sweden,2004,1094227
Sweden,2005,1272825
Sweden,2006,1173830
Sweden,2007,1267463
Sweden,2008,1297289
Sweden,2009,1337154
Sweden,2010,1329113
Sweden,2011,1320280
Sweden,2012,1341464
Sweden,2013,1499417
Sweden,2014,1408351
Sweden,2015,1462643
Sweden,2016,1539919
Sweden,2017,1484793
Sweden,2018,1595719
Sweden,2019,1585722
Sweden,2020,1611450
Sweden,2021,1700655
Sweden,2022,1732053
Sweden,2023,1692706
Switzerland,1992,1202812
Switzerland,2000,1163992
Switzerland,2002,1292694
Switzerland,2004,1218514
Switzerland,2006,1468506
Switzerland,2007,1403611
Switzerland,2008,1424382
Switzerland,2009,1372860
Switzerland,2010,1386663
Switzerland,2011,1431427
Switzerland,2012,1357400
Switzerland,2013,1487132
Switzerland,2014,1433924
Switzerland,2015,1484972
Switzerland,2016,1501775
Switzerland,2017,1510524
Switzerland,2018,1624931
Switzerland,2019,1595624
Switzerland,2020,1605284
Switzerland,2021,1594577
Switzerland,2022,1647083
Ukraine,1992,9412064
Ukraine,1993,7913764
Ukraine,1995,11799892
Ukraine,1996,10096793
Ukraine,2002,7373259
Ukraine,2003,6683628
Ukraine,2004,7052607
Ukraine,2005,7044678
Ukraine,2006,6909535
Ukraine,2007,6194346
Ukraine,2008,5675914
Ukraine,2009,5295315
Ukraine,2010,5016098
Ukraine,2011,4828209
Ukraine,2012,5073831
Ukraine,2013,4798783
Ukraine,2014,4388360
Ukraine,2015,4913050
Ukraine,2016,5123800
Ukraine,2017,5051548
Ukraine,2018,5298384
Ukraine,2019,5360976
Ukraine,2020,4837204
United Kingdom,1990,10875157
United Kingdom,1991,11197391
United Kingdom,1992,11367669
United Kingdom,1993,11684766
United Kingdom,1994,11569759
United Kingdom,1995,11458494
United Kingdom,1996,11624983
United Kingdom,1997,11808711
United Kingdom,1998,11843160
United Kingdom,1999,11881151
United Kingdom,2000,11629658
United Kingdom,2001,11378740
United Kingdom,2002,11426950
United Kingdom,2003,11482097
United Kingdom,2004,11544846
United Kingdom,2005,12076809
United Kingdom,2006,11864174
United Kingdom,2007,12262326
United Kingdom,2008,12206328
United Kingdom,2009,12142518
United Kingdom,2010,11924512
United Kingdom,2011,12175511
United Kingdom,2012,11943829
United Kingdom,2013,12184901
United Kingdom,2014,12436109
United Kingdom,2015,12689867
United Kingdom,2016,12954904
United Kingdom,2017,13024968
United Kingdom,2018,13253288
United Kingdom,2019,13321199
United Kingdom,2020,13165017
United Kingdom,2021,12540453
