Country,Year,physical_incidents,physical_incidents_male,physical_incidents_female,Gini coefficient (after tax),Mean income per year,Number below 60% of median,Military expenditure (% of GDP),Power distributed by social group,Educational equality,Government attacks on judiciary,High court independence,Lower court independence,Social class equality in respect for civil liberty ,Subnational civil liberties unevenness,Media corruption,Power distributed by gender,Power distributed by sexual orientation,rsf_score,weighted_populism
Austria,2019,0,0,0,0.2905,28159.2536,1551459.0,0.748993468286285,0.929,1.754,0.498,2.093,1.587,2.727,2.358,2.179,1.407,1.691,85.96,0.3224043715846994
Austria,2020,1,1,0,0.2863,28723.9013,1468884.0,0.753133437614439,1.036,2.022,0.498,2.596,1.587,2.727,2.358,2.309,1.594,2.275,84.67,0.4918032786885246
Austria,2021,0,0,0,0.285,28798.4708,1484216.0,0.885811629497475,1.189,2.016,0.487,2.596,1.587,3.284,2.358,1.354,1.755,2.275,84.22,0.16939890710382513
Austria,2022,0,0,0,0.2838,28745.100499999997,1587973.0,0.873515488270759,1.006,1.562,-0.42,2.596,2.449,3.284,2.358,1.254,1.755,1.889,83.66,0.33879781420765026
Austria,2023,2,3,1,0.2862,30085.7528,1585755.0,0.766706008326772,1.006,1.421,0.293,2.596,2.449,3.284,2.358,0.933,1.755,1.715,74.85,0.33879781420765026
Austria,2024,0,0,0,0.2887,29795.4026,1619306.0,0.870829952423219,1.006,1.421,0.826,2.596,3.179,3.284,2.358,0.933,1.755,2.046,74.33,0.33879781420765026
Austria,2025,0,0,0,0.2912,29795.4026,1619306.0,0.999843177036641,0.836,1.421,0.582,2.596,3.179,2.13,2.358,0.933,1.605,1.711,70.735,0.33879781420765026
Belgium,2019,0,0,0,0.2675,24135.11035,1741865.0,0.892442476666613,1.805,2.506,0.194,1.604,2.66,2.675,2.018,3.376,2.515,2.399,86.84,0.24666666666666667
Belgium,2020,0,0,0,0.2723,24972.799949999997,1647329.0,0.887004950933882,1.805,2.506,0.194,1.604,2.66,2.675,2.018,3.376,2.653,2.399,88.93,0.5733333333333333
Belgium,2021,2,2,1,0.2633,24871.7059,1532045.0,1.00592796693225,1.805,2.506,1.633,1.604,2.66,2.675,2.018,3.376,2.378,2.399,87.43,0.5733333333333333
Belgium,2022,4,4,1,0.2724,25855.932050000003,1553180.0,1.04263994220028,1.805,2.506,1.633,1.604,2.66,2.675,2.018,3.376,2.378,2.399,88.31,0.5733333333333333
Belgium,2023,0,0,0,0.2742,24962.789825,1447690.0,1.16246551287247,1.805,2.506,1.633,1.604,2.66,2.675,2.018,3.376,2.724,2.399,78.23750000000001,0.5733333333333333
Belgium,2024,4,3,1,0.2733,25522.119475,1681613.0,1.18422875211757,1.805,2.506,0.586,1.604,2.66,2.675,2.018,3.376,2.724,2.399,75.46,0.5733333333333333
Belgium,2025,5,4,1,0.2757,25522.119475,1681613.0,1.2770531266155,1.805,2.187,0.653,1.604,2.66,2.675,2.482,3.376,2.724,2.399,79.8425,0.5733333333333333
Belgium,2026,0,0,0,0.2757,25522.119475,1681613.0,1.2770531266155,1.805,2.187,0.653,1.604,2.66,2.675,2.482,3.376,2.724,2.399,79.8425,0.5733333333333333
Bulgaria,2019,0,0,0,0.4845,10651.46869,1345721.0,1.45106212373153,0.807,0.768,-0.455,0.94,1.06,1.431,2.219,0.441,2.094,1.334,64.78,1.0958333333333332
Bulgaria,2020,4,5,1,0.4692,11004.47771,1365311.0,3.14495072906354,0.807,0.422,-0.279,0.782,1.06,1.431,2.219,0.434,2.094,1.334,64.89,1.0958333333333332
Bulgaria,2021,0,0,0,0.4623,12388.653705,1239218.0,1.58561827051115,0.749,0.542,-0.279,0.766,0.942,1.083,2.219,0.456,1.938,1.18,64.94,1.0958333333333332
Bulgaria,2022,0,0,0,0.4752,12221.45852,1245608.0,1.5107237100085,1.245,0.543,-0.766,0.766,0.942,1.42,1.133,0.456,1.938,1.18,62.71,1.575
Bulgaria,2023,1,1,0,0.4904,12924.885425,1259839.0,1.58707500372134,1.279,0.615,-1.19,1.381,1.239,2.217,0.772,0.456,1.576,1.158,55.147499999999994,0.7958333333333334
Bulgaria,2024,1,1,0,0.4796,14385.234,1326652.0,1.94458310651254,1.381,0.615,-0.982,1.381,1.239,1.454,0.772,0.456,1.576,1.192,57.985,0.4875
Bulgaria,2025,1,1,0,0.4897,14385.234,1326652.0,2.14947328244853,0.819,0.349,-0.237,0.855,0.899,1.202,0.772,0.456,1.576,1.192,60.3825,0.4875
Bulgaria,2026,0,0,0,0.4897,14385.234,1326652.0,2.14947328244853,0.819,0.349,-0.237,0.855,0.899,1.202,0.772,0.456,1.576,1.192,60.3825,0.4875
Croatia,2019,0,0,0,0.4047,11020.93118,715084.0,1.54234055565076,0.814,2.102,-0.068,0.919,1.027,1.893,0.831,1.547,1.779,0.923,71.06,0.5629139072847682
Croatia,2020,0,0,0,0.4011,11699.56984,672534.0,1.6036107424916,0.592,2.102,-0.068,0.519,1.367,1.893,0.689,1.547,1.779,1.119,70.97,0.5629139072847682
Croatia,2021,1,1,0,0.3907,12186.447355,703640.0,1.69659501985338,0.592,2.102,-0.068,0.835,1.21,1.652,0.96,1.547,2.119,1.321,71.49,0.6423841059602649
Croatia,2022,0,0,0,0.3939,12939.96175,668549.0,1.97150113166485,0.592,2.132,-0.593,0.612,1.356,1.652,0.96,1.549,2.119,1.131,72.05,0.6423841059602649
Croatia,2023,1,0,0,0.3999,13186.47034,666323.0,1.80285265162096,0.592,2.132,0.141,0.837,1.356,1.196,0.96,0.987,1.941,1.139,68.5,0.6423841059602649
Croatia,2024,3,4,2,0.3987,15094.254529999998,686527.0,1.70663158780592,0.592,2.132,0.141,0.837,1.356,1.316,0.96,0.563,2.089,1.691,68.75999999999999,0.6423841059602649
Croatia,2025,3,4,2,0.3988,15094.254529999998,686527.0,1.79323424509814,0.592,2.132,0.141,0.144,1.172,1.316,0.96,0.563,2.089,1.691,63.5625,0.6423841059602649
Croatia,2026,0,0,0,0.3988,15094.254529999998,686527.0,1.79323424509814,0.592,2.132,0.141,0.144,1.172,1.316,0.96,0.563,2.089,1.691,63.5625,0.6423841059602649
Cyprus,2020,0,0,0,0.3406,20755.712955,180472.0,1.74983319036456,1.899,2.903,0.922,1.217,1.511,2.124,-0.221,2.542,2.09,1.006,80.15,0.42857142857142855
Cyprus,2021,0,0,0,0.3002,21451.09745,190217.0,1.89553437845021,1.91,2.903,-0.009,1.168,1.511,2.09,-0.221,2.542,1.855,1.006,79.55,0.42857142857142855
Cyprus,2022,0,0,0,0.2967,22010.144225,201454.0,1.78406744246115,1.91,2.903,0.274,0.686,1.309,2.09,-0.221,3.059,1.855,1.354,80.15,0.3392857142857143
Cyprus,2023,0,0,0,0.3161,21731.887205,188136.0,1.72118847605333,1.91,2.903,0.274,0.819,1.309,2.018,-0.221,2.813,2.072,1.354,60.9025,0.3392857142857143
Cyprus,2024,0,0,0,0.3089,23131.94435,188132.0,1.6506068333336,1.746,2.903,0.274,0.819,1.309,2.102,-0.221,2.813,2.072,1.354,63.66250000000001,0.3392857142857143
Cyprus,2025,1,1,1,0.3088,23131.94435,188132.0,1.64735214954921,2.044,2.903,0.168,0.927,1.309,2.403,-0.221,2.813,2.072,1.354,56.635,0.3392857142857143
Denmark,2020,0,0,0,0.2195,25930.9432,703529.0,1.28310489294024,1.561,3.052,1.372,2.794,3.189,3.337,2.814,3.308,3.282,2.599,93.76,0.20670391061452514
Denmark,2021,0,0,0,0.2142,26666.1189,667189.0,1.37376885314973,1.561,3.052,1.372,2.794,3.189,3.337,2.814,3.308,3.282,2.489,91.87,0.20670391061452514
Denmark,2023,0,0,0,0.2196,27341.1718,715462.0,1.29155763565745,1.561,3.052,1.372,2.794,3.189,3.337,2.814,3.308,3.282,2.489,91.43,0.20670391061452514
Denmark,2024,1,1,0,0.2245,26525.938825,656715.0,1.99961332917573,1.561,3.052,1.922,2.794,3.189,3.337,2.814,3.308,3.282,2.489,88.1,0.20670391061452514
Denmark,2025,0,0,0,0.2245,26525.938825,656715.0,2.41617454160591,1.561,3.052,1.922,2.794,3.189,3.337,2.814,3.308,3.282,2.489,88.225,0.20670391061452514
Estonia,2019,0,0,0,0.4044,15236.9177,204664.0,1.97061311743188,1.581,3.188,1.974,1.97,2.401,2.417,2.589,2.821,2.509,2.184,85.92,0.33663366336633666
Estonia,2020,0,0,0,0.4425,16043.356,195600.0,1.99845018670744,1.581,3.188,0.545,1.97,2.401,2.417,2.589,2.546,2.509,2.241,87.73,0.44554455445544555
Estonia,2022,0,0,0,0.4349,16761.6176,192268.0,2.26136428332919,1.581,3.188,0.545,1.97,2.401,2.417,2.589,2.546,2.816,2.241,87.39,0.44554455445544555
Estonia,2024,0,0,0,0.4564,16138.739625,204588.0,2.13485210963824,1.581,3.188,2.508,1.97,2.401,2.417,2.589,2.497,2.816,2.241,87.7375,0.44554455445544555
Estonia,2025,0,0,0,0.4489,16138.739625,204588.0,3.37400221824601,1.581,3.188,2.508,1.97,2.401,2.417,2.589,2.497,2.816,2.312,84.32499999999999,0.44554455445544555
Finland,2021,0,0,0,0.2656,23771.01555,675313.0,1.37168236993597,2.298,2.454,2.656,2.551,2.77,3.007,2.402,2.934,2.175,2.403,89.74,0.09
Finland,2022,0,0,0,0.2607,24674.93221,707669.0,1.30243925969996,1.852,2.035,2.713,2.551,2.77,3.007,2.402,3.164,2.674,1.865,93.01,0.09
Finland,2023,1,0,0,0.2616,24033.70386,677141.0,1.58854518946055,2.247,2.035,2.713,2.551,2.77,3.007,2.402,3.164,3.533,2.376,87.46,0.09
Finland,2024,1,1,1,0.2451,23529.031499999997,707615.0,2.0075369530221,2.247,2.035,0.944,2.551,2.77,3.007,2.402,2.559,2.997,1.669,87.345,0.23500000000000001
Finland,2025,0,0,0,0.2483,23529.031499999997,707615.0,2.29979173712597,1.676,1.244,1.635,2.551,2.465,1.812,2.402,2.559,2.997,1.899,85.1575,0.23500000000000001
France,2019,5,4,2,0.2735,24927.733399999997,10715868.0,1.84604257144589,1.21,2.078,2.313,1.789,2.153,2.143,2.239,3.144,2.807,2.564,79.89,0.045060658578856154
France,2020,8,7,3,0.2695,23508.0294,12226488.0,1.85288520696513,1.21,1.796,2.313,1.789,2.153,2.143,2.239,3.144,2.391,2.647,79.17,0.045060658578856154
France,2021,11,10,2,0.2588,24013.412050000003,12179695.0,2.02167455284232,1.339,1.796,2.313,1.789,2.153,1.894,1.831,3.144,2.616,2.647,82.51,0.045060658578856154
France,2022,8,9,3,0.2698,24079.32375,12353962.0,1.98022225807935,1.339,1.796,2.313,1.789,2.153,1.894,2.479,3.144,2.882,2.265,82.11,0.045060658578856154
France,2023,37,35,9,0.2714,24119.6891,12326896.0,1.95772067476703,1.161,1.802,2.313,1.789,2.153,1.894,2.479,3.144,2.882,2.487,80.89999999999999,0.42634315424610053
France,2024,9,9,4,0.2725,24382.63145,12765896.0,1.95099683800051,1.259,1.369,2.313,1.789,2.153,1.392,2.479,3.144,3.193,2.666,79.2425,0.42634315424610053
France,2025,19,21,6,0.2731,24382.63145,12765896.0,2.05257687860637,1.429,1.369,1.796,1.789,2.153,1.392,2.479,3.144,2.972,3.098,76.22,0.42634315424610053
France,2026,3,3,1,0.2731,24382.63145,12765896.0,2.05257687860637,1.429,1.369,1.796,1.789,2.153,1.392,2.479,3.144,2.972,3.098,76.22,0.42634315424610053
Germany,2019,5,3,1,0.3608,26752.496150000003,14300705.0,1.14814145777047,1.541,2.278,2.575,1.839,1.994,2.983,2.966,3.234,2.986,2.17,89.1,0.22990126939351196
Germany,2020,14,9,2,0.3639,27192.1277,14110450.0,1.24014846331417,1.541,2.641,2.575,1.839,1.994,2.983,2.966,3.234,2.986,2.17,89.37,0.22990126939351196
Germany,2021,78,79,8,0.3569,29066.69835,14342006.0,1.35598993512329,1.541,2.641,2.575,1.839,1.994,2.983,2.966,3.234,2.607,2.17,89.66,0.22990126939351196
Germany,2022,52,46,10,0.3599,29066.69835,14342006.0,1.29982374349238,1.541,2.641,1.618,1.839,1.994,2.983,2.966,3.234,2.607,2.17,91.75,0.1657608695652174
Germany,2023,57,47,15,0.3612,29066.69835,14342006.0,1.35030514561756,1.541,2.641,2.55,1.839,1.994,2.983,2.966,3.234,2.607,2.17,85.9125,0.1657608695652174
Germany,2024,79,63,12,0.3604,29066.69835,14342006.0,1.48796332620564,1.541,2.641,2.55,2.344,2.822,2.983,2.966,3.234,2.607,2.282,85.66999999999999,0.1657608695652174
Germany,2025,28,27,5,0.3636,29066.69835,14342006.0,1.89190377205494,1.541,2.641,2.55,2.344,2.822,2.983,2.966,3.234,2.607,2.282,82.47999999999999,0.1657608695652174
Germany,2026,2,2,0,0.3636,29066.69835,14342006.0,1.89190377205494,1.541,2.641,2.55,2.344,2.822,2.983,2.966,3.234,2.607,2.282,82.47999999999999,0.1657608695652174
Greece,2019,3,3,0,0.3684,10610.796375,2223047.0,2.70054108209766,2.281,2.623,0.713,1.096,1.438,1.669,1.814,1.676,2.132,1.99,70.81,1.1733333333333333
Greece,2020,2,1,0,0.3651,11280.66153,2230732.0,2.59648367110305,2.13,2.846,1.236,1.316,1.438,1.669,1.028,1.676,2.137,1.99,70.92,0.91
Greece,2021,5,4,0,0.364,11410.401875,2259721.0,3.02310765728834,2.087,2.585,1.802,1.081,1.438,1.669,1.028,1.548,2.101,1.872,71.2,0.91
Greece,2022,6,6,1,0.3751,12172.2171,2159391.0,3.80247367841764,2.087,2.585,1.802,1.081,1.438,1.669,1.028,1.548,2.101,1.926,71.57,0.91
Greece,2023,4,2,0,0.3838,12084.831355,1972994.0,4.00035246143373,2.087,2.585,0.704,0.477,0.978,1.669,1.028,1.548,2.101,1.926,58.38250000000001,0.91
Greece,2024,6,6,1,0.3833,12497.937625,2019481.0,2.88325472633445,2.087,2.448,0.338,0.906,1.308,1.669,1.281,1.548,2.101,1.926,51.13999999999999,0.5133333333333334
Greece,2025,6,7,1,0.3829,12497.937625,2019481.0,3.12797536550149,2.013,2.314,-0.21,0.906,1.087,1.927,1.319,1.548,2.101,2.084,49.995000000000005,0.5133333333333334
Hungary,2019,1,1,1,0.3434,9057.78087,1672520.0,1.00220452852258,0.434,0.705,-1.08,-0.33,1.46,1.115,1.639,0.051,1.109,0.435,70.89,0.7236180904522613
Hungary,2020,0,0,0,0.3525,9057.78087,1672520.0,1.32782522734016,0.434,0.705,-1.251,-0.545,1.46,1.017,1.639,0.051,1.094,0.435,69.56,0.7236180904522613
Hungary,2021,0,0,0,0.3423,9057.78087,1672520.0,1.74628152413286,0.579,0.677,-0.851,-1.055,1.252,1.017,1.639,-0.023,1.094,0.299,69.16,0.7236180904522613
Hungary,2022,2,2,0,0.3431,9057.78087,1672520.0,1.31520993597457,0.481,0.713,-0.567,-0.758,1.252,1.017,1.639,-0.023,1.094,-0.198,68.24,0.7236180904522613
Hungary,2023,1,1,0,0.3506,9057.78087,1672520.0,1.83314817173654,0.363,0.655,-0.778,-1.293,0.94,1.017,1.639,-0.023,0.987,-0.256,53.489999999999995,0.6381909547738693
Hungary,2024,2,3,1,0.3504,9057.78087,1672520.0,2.04951096796972,0.363,0.655,-0.373,-1.293,0.94,1.017,1.639,-0.141,0.987,-0.11,58.2825,0.6381909547738693
Hungary,2025,1,0,0,0.3517,9057.78087,1672520.0,2.15630980446665,0.363,0.655,-0.668,-1.137,0.753,1.017,1.639,-0.248,0.853,-0.11,57.2375,0.6381909547738693
Hungary,2026,0,0,0,0.3517,9057.78087,1672520.0,2.15630980446665,0.363,0.655,-0.668,-1.137,0.753,1.017,1.639,-0.248,0.853,-0.11,57.2375,0.6381909547738693
Ireland,2019,0,0,0,0.2951,20208.317345,668705.0,0.280112255033866,1.378,2.264,1.622,2.443,2.096,2.72,1.357,2.481,1.602,2.566,85.41,0.14556962025316456
Ireland,2020,0,0,0,0.3029,20766.2735,652597.0,0.273293508559262,1.409,2.264,1.483,2.443,2.096,2.72,2.521,2.481,1.602,2.566,85.0,0.14556962025316456
Ireland,2021,0,0,0,0.2806,21689.828255,678079.0,0.262684777602834,1.409,2.264,1.231,2.443,2.096,2.72,2.521,2.481,1.715,2.508,87.4,0.4625
Ireland,2022,0,0,0,0.293,22134.67894,687922.0,0.238637692712824,1.409,2.264,1.823,2.443,2.096,2.72,2.521,2.481,1.715,2.508,88.09,0.4625
Ireland,2023,0,0,0,0.3026,21701.54366,664942.0,0.212502380914468,1.409,2.264,1.823,2.443,2.096,2.72,2.521,2.481,1.715,2.508,86.47749999999999,0.23125
Ireland,2024,0,0,0,0.3098,21592.426545,623346.0,0.230374711003044,1.409,2.264,1.823,2.443,2.096,2.72,2.521,2.481,1.715,2.508,88.15,0.23125
Ireland,2025,0,0,0,0.3104,21592.426545,623346.0,0.239096332495524,1.409,2.014,1.823,2.443,2.096,2.72,2.521,2.481,1.715,2.508,83.48,0.23125
Italy,2019,4,2,0,0.3521,20093.36534,12957648.0,1.35443317948295,1.778,2.279,-0.161,1.393,1.654,2.486,1.861,2.242,2.379,2.084,75.88,0.7777777777777778
Italy,2020,5,5,1,0.3485,20866.08275,12752508.0,1.30611671363832,2.058,2.279,-0.348,1.393,1.654,2.486,1.861,2.242,2.651,2.218,75.02,0.7777777777777778
Italy,2021,14,11,4,0.3379,20808.521155,13014016.0,1.72984958969454,1.705,2.279,0.1,1.393,1.654,2.173,2.095,2.242,2.42,2.051,76.31,0.7777777777777778
Italy,2022,6,6,2,0.3354,21564.551495,12417426.0,1.66286387777873,1.705,2.279,0.381,1.393,1.654,2.612,2.095,2.242,2.42,2.051,77.37,0.7777777777777778
Italy,2023,17,16,4,0.3378,21264.1481,12627324.0,1.65164252620196,1.705,2.279,0.104,1.393,1.654,2.612,2.095,2.242,2.322,2.051,66.83500000000001,1.3984126984126983
Italy,2024,18,16,5,0.339,20990.81785,12508876.0,1.60646040928357,1.705,2.279,-0.93,1.393,1.654,2.612,2.095,2.242,2.322,2.051,68.355,1.3984126984126983
Italy,2025,15,17,9,0.3407,20990.81785,12508876.0,1.60924561245844,1.705,2.279,-1.161,0.923,1.355,2.612,2.095,2.242,2.322,1.946,65.0275,1.3984126984126983
Italy,2026,2,2,1,0.3407,20990.81785,12508876.0,1.60924561245844,1.705,2.279,-1.161,0.923,1.355,2.612,2.095,2.242,2.322,1.946,65.0275,1.3984126984126983
Latvia,2020,0,0,0,0.4204,12755.034500000002,361286.0,2.13473002218592,1.148,1.941,1.863,3.303,2.084,3.018,1.294,1.637,2.499,1.636,80.37,0.16
Latvia,2022,0,0,0,0.4172,14283.23694,361557.0,2.22759521686375,1.148,1.468,1.074,3.303,2.084,3.018,1.294,1.967,2.217,1.527,81.44,0.16
Latvia,2023,0,0,0,0.4155,13864.9265,350415.0,2.25461931057619,1.145,1.468,0.83,3.303,1.702,3.018,1.842,1.967,2.374,1.739,77.9475,0.0
Latvia,2024,0,0,0,0.4129,14606.603945,332694.0,2.97016956920808,1.469,1.468,1.321,3.303,1.702,3.018,1.842,2.349,2.503,2.023,81.27250000000001,0.0
Latvia,2025,0,0,0,0.4144,14606.603945,332694.0,3.25799154535171,1.469,1.471,1.321,3.303,1.702,3.018,1.842,2.349,2.503,2.193,80.6525,0.0
Lithuania,2022,0,0,0,0.4555,14196.052675,526731.0,1.94787932963701,1.264,1.954,2.07,2.72,2.011,1.652,2.41,2.967,1.727,1.516,77.8,0.07801418439716312
Lithuania,2024,0,0,0,0.5801,17090.69795,523317.0,2.44457587877222,1.665,1.954,0.969,2.72,1.998,1.652,2.41,2.967,2.245,2.085,83.335,0.07801418439716312
Lithuania,2025,0,0,0,0.5789,17090.69795,523317.0,3.11817486440289,1.665,1.95,2.156,1.762,1.998,1.652,2.41,2.967,2.245,2.085,79.1425,0.07801418439716312
Luxembourg,2021,0,0,0,0.3646,33093.85285,129126.0,0.500655642661875,1.771,3.176,1.987,1.883,2.121,3.369,1.677,2.804,2.135,2.297,85.28,0.06666666666666667
Luxembourg,2022,0,0,0,0.3562,36717.55971,135803.0,0.47124923612019,1.771,3.176,1.987,1.883,2.121,3.369,1.677,2.804,2.135,2.605,82.44,0.06666666666666667
Luxembourg,2023,0,0,0,0.3584,37692.6083,150689.0,0.625325775260002,1.771,3.176,1.987,1.883,2.121,3.369,1.677,2.804,2.135,2.183,77.72749999999999,0.06666666666666667
Luxembourg,2024,0,0,0,0.3392,38725.023575,136878.0,0.77317942181024,1.771,3.176,2.618,1.883,2.121,2.657,1.677,2.804,2.135,2.183,79.5575,0.06666666666666667
Luxembourg,2025,0,0,0,0.3416,38725.023575,136878.0,0.962679157025622,1.771,3.176,2.618,1.883,2.121,2.657,1.677,2.804,2.135,2.183,80.5375,0.06666666666666667
Malta,2019,1,1,1,0.3961,19722.0523,79977.0,0.414176632611117,1.039,2.434,1.205,0.904,0.687,2.07,1.858,1.091,1.504,2.715,76.96,0.0
Malta,2020,0,0,0,0.4106,21484.21025,75197.0,0.491258185670287,0.794,2.434,1.205,0.696,0.687,2.07,1.858,1.091,1.504,2.715,70.26,0.0
Malta,2021,0,0,0,0.4039,22445.074575,82588.0,0.527674290511624,1.25,2.434,1.297,1.409,1.3,2.07,1.858,1.091,1.898,2.715,69.84,0.0
Malta,2022,0,0,0,0.409,23553.747475,80074.0,0.446085155562138,1.25,2.987,1.297,1.409,1.3,2.07,1.858,1.091,1.898,2.715,69.54,0.0
Malta,2023,1,0,0,0.4128,23888.28275,97080.0,0.411834981751042,1.25,2.987,0.681,1.409,1.3,2.07,1.858,1.091,2.489,2.715,57.72,0.0
Malta,2024,0,0,0,0.4088,23888.28275,97080.0,0.504866253628109,1.25,2.987,0.221,1.409,1.3,2.07,1.858,1.091,2.122,2.715,53.625,0.0
Malta,2025,0,0,0,0.4086,23888.28275,97080.0,0.451123319487248,1.25,2.987,-0.093,1.409,1.3,2.07,1.858,1.091,2.122,2.715,54.23,0.0
Netherlands,2019,0,0,0,0.2852,25501.091825,2395488.0,1.1961416179648,1.965,2.244,1.525,1.891,1.91,2.604,2.042,2.724,2.305,3.019,89.99,0.48
Netherlands,2020,0,0,0,0.2803,26478.1877,2551161.0,1.29180842332848,1.965,1.865,1.867,1.891,2.563,2.305,2.042,2.724,2.305,3.019,91.37,0.48
Netherlands,2021,9,7,0,0.2798,27094.5924,2381361.0,1.40607718904592,1.965,1.865,1.444,1.891,2.563,2.305,2.042,2.724,2.305,3.019,90.04,0.48
Netherlands,2022,1,0,0,0.2871,27556.001675000003,2253016.0,1.36537490886658,2.242,2.044,1.751,1.891,2.563,2.305,2.042,2.724,3.056,3.019,91.26,0.24
Netherlands,2023,1,1,0,0.2979,27556.001675000003,2253016.0,1.30419995572639,1.992,1.88,0.954,1.891,2.563,2.305,2.042,2.724,2.593,3.019,85.63499999999999,0.2533333333333333
Netherlands,2024,6,6,0,0.3058,27556.001675000003,2253016.0,1.44136515676766,1.992,1.673,0.954,1.891,2.563,2.305,2.042,2.724,2.593,3.019,88.71000000000001,0.2533333333333333
Netherlands,2025,3,2,0,0.3056,27556.001675000003,2253016.0,1.91642541759119,1.992,1.218,0.954,1.891,2.563,2.305,2.042,2.724,3.065,3.019,86.85750000000002,0.2533333333333333
Netherlands,2026,1,1,0,0.3056,27556.001675000003,2253016.0,1.91642541759119,1.992,1.218,0.954,1.891,2.563,2.305,2.042,2.724,3.065,3.019,86.85750000000002,0.2533333333333333
Poland,2019,4,4,1,0.3968,13233.229759999998,6256573.0,2.02472821822818,1.906,2.364,-4.259,-0.293,1.125,2.147,2.083,1.331,1.893,1.145,73.41,0.6021739130434783
Poland,2020,5,6,3,0.3957,14491.07378,5676413.0,1.95338318505019,1.906,2.568,-4.259,-0.293,1.125,2.147,2.083,1.052,1.893,1.042,71.11,0.523913043478261
Poland,2021,1,1,0,0.3952,14852.31355,5938316.0,2.26305371895405,2.009,2.264,-3.64,-0.433,0.963,2.147,2.137,1.206,1.893,1.042,71.35,0.523913043478261
Poland,2022,0,0,0,0.3947,15699.646449999998,5763880.0,2.21716328801834,2.154,2.264,-4.26,-0.433,0.963,2.147,1.185,1.206,1.841,0.434,71.98,0.523913043478261
Poland,2023,1,1,1,0.3998,15867.607405,5499171.0,2.20458906428882,2.154,2.264,-2.65,-0.433,0.963,2.147,1.185,1.206,1.841,0.638,64.96000000000001,0.523913043478261
Poland,2024,0,0,0,0.395,16079.937395,5572986.0,3.26980459253118,2.154,2.264,-2.509,-0.881,0.944,2.147,1.185,1.206,1.846,1.002,63.12,0.523913043478261
Poland,2025,1,1,1,0.3972,16079.937395,5572986.0,4.15439387975356,2.154,2.264,1.021,1.253,1.245,2.147,2.586,1.675,1.852,1.452,64.66499999999999,0.523913043478261
Poland,2026,0,0,0,0.3972,16079.937395,5572986.0,4.15439387975356,2.154,2.264,1.021,1.253,1.245,2.147,2.586,1.675,1.852,1.452,64.66499999999999,0.523913043478261
Portugal,2020,0,0,0,0.3766,13315.567555,1745619.0,1.34147881873726,1.504,2.142,2.487,3.488,2.666,2.177,2.937,2.772,2.132,2.448,85.83,0.0
Portugal,2021,0,0,0,0.3655,14765.61072,1783306.0,1.42613611053982,1.437,2.06,1.851,2.408,1.981,1.712,2.05,2.155,2.55,2.278,88.17,0.0
Portugal,2022,0,0,0,0.3583,14752.30501,1745782.0,1.51644104082545,1.463,1.521,1.446,2.213,1.734,1.712,2.05,2.562,2.205,2.194,89.89,0.0
Portugal,2023,1,1,0,0.3613,14911.89104,1851981.0,1.38999857860246,0.953,1.567,1.834,2.386,1.734,1.979,2.05,2.196,2.205,2.126,86.65499999999999,0.05217391304347826
Portugal,2024,6,5,1,0.3636,14989.528,1815692.0,1.46642848168082,0.789,1.567,0.533,2.136,1.973,1.538,2.05,2.196,1.799,1.887,82.87249999999999,0.05217391304347826
Portugal,2025,1,0,0,0.3638,14989.528,1815692.0,1.53226822745255,1.099,1.244,0.268,2.136,1.973,1.538,1.457,1.574,2.199,1.366,84.1225,0.05217391304347826
Portugal,2026,0,0,0,0.3638,14989.528,1815692.0,1.53226822745255,1.099,1.244,0.268,2.136,1.973,1.538,1.457,1.574,2.199,1.366,84.1225,0.05217391304347826
Romania,2019,0,0,0,0.4846,8159.25526,4587649.0,1.79144423500295,0.558,0.495,-3.84,-0.364,0.724,1.615,1.343,0.201,1.491,0.654,76.35,0.0547112462006079
Romania,2020,0,0,0,0.4765,8835.65136,4871481.0,1.83079024096076,0.558,0.495,-2.48,-0.051,0.724,1.615,1.958,0.654,1.491,0.654,74.33,0.0547112462006079
Romania,2021,1,1,0,0.4814,9905.711275,4679785.0,2.00415209230412,0.237,0.71,-0.027,1.304,1.424,1.976,1.958,0.947,1.58,0.351,74.09,0.15471124620060792
Romania,2022,0,0,0,0.4759,10878.6206,4441418.0,1.84762902286434,0.301,0.71,-0.199,0.827,1.424,1.473,1.958,0.497,1.468,0.351,75.09,0.1
Romania,2023,0,0,0,0.4784,11074.68546,4273194.0,1.75011695275109,0.524,0.71,-0.482,0.772,1.161,1.258,1.958,-0.294,1.468,0.351,67.9175,0.1
Romania,2024,0,0,0,0.4794,11919.241805,3832817.0,1.60357956167259,0.346,0.744,-0.594,-0.243,0.999,1.258,1.958,-0.294,1.468,0.351,65.5475,0.1
Romania,2025,1,1,0,0.483,11919.241805,3832817.0,2.29815245791591,1.254,0.342,-0.121,-0.618,0.835,1.258,1.958,-0.38,1.468,0.351,63.510000000000005,0.1
Romania,2026,0,0,0,0.483,11919.241805,3832817.0,2.29815245791591,1.254,0.342,-0.121,-0.618,0.835,1.258,1.958,-0.38,1.468,0.351,63.510000000000005,0.1
Slovenia,2020,1,1,0,0.3121,17405.2075,220157.0,0.986759717956076,1.551,3.46,0.332,2.009,1.941,2.126,2.118,1.048,1.798,1.308,78.31,0.7555555555555555
Slovenia,2021,2,1,0,0.3018,18656.41655,221614.0,1.0654982010929,1.248,1.686,-1.613,2.118,2.064,2.182,2.092,1.097,1.395,1.166,77.36,1.511111111111111
Slovenia,2022,1,1,0,0.3014,19639.33746,223453.0,1.23984465824347,1.248,1.686,-2.006,2.354,2.288,2.182,2.092,1.097,1.36,1.166,76.9,1.511111111111111
Slovenia,2023,0,0,0,0.303,19650.633845,215951.0,1.29505522763484,1.75,3.22,-0.325,2.354,2.288,2.473,2.092,1.097,1.969,1.708,66.5175,0.5222222222222221
Slovenia,2024,1,0,0,0.308,19969.056195,224039.0,1.32131919558764,1.698,3.22,0.421,0.829,1.082,2.473,1.557,1.097,3.358,1.708,67.0625,0.5222222222222221
Slovenia,2025,0,0,0,0.3079,19969.056195,224039.0,1.31001116486788,1.698,3.22,0.542,0.635,1.082,2.473,1.557,1.097,3.358,1.708,68.0975,0.5222222222222221
Spain,2019,9,6,2,0.3403,18327.0077,10347850.0,1.24562475871831,1.064,2.166,1.209,1.444,1.958,2.548,1.404,2.006,2.0829999999999997,1.776,79.89,0.12857142857142856
Spain,2020,2,2,1,0.3354,19150.55063,10378450.0,1.22464525288942,1.077,1.746,0.949,2.058,2.278,2.548,1.404,2.006,2.193,1.831,78.01,0.16285714285714287
Spain,2021,4,4,1,0.3237,19204.97286,10855667.0,1.35429599703865,1.277,2.149,0.178,2.058,2.278,2.548,1.404,2.006,2.088,1.954,81.52,0.22285714285714286
Spain,2022,2,2,2,0.3281,19731.11233,10338409.0,1.33768901652321,1.138,1.704,0.093,2.28,2.56,2.548,1.404,2.08,1.884,2.194,80.3,0.22285714285714286
Spain,2023,13,13,4,0.3288,19726.96885,9965109.0,1.4055469125943,1.138,1.704,-0.039,1.709,2.146,1.511,1.768,1.745,1.742,2.27,75.04,0.22285714285714286
Spain,2024,11,10,1,0.3279,20020.05436,10144721.0,1.4715775760116,1.138,1.704,0.015,1.336,2.146,1.511,1.768,1.174,2.061,2.553,73.58,0.22285714285714286
Spain,2025,10,8,1,0.3277,20020.05436,10144721.0,1.43210737406914,1.138,1.704,0.028,1.336,2.146,1.511,1.768,1.174,2.061,2.399,72.4925,0.22285714285714286
Spain,2026,0,0,0,0.3277,20020.05436,10144721.0,1.43210737406914,1.138,1.704,0.028,1.336,2.146,1.511,1.768,1.174,2.061,2.399,72.4925,0.22285714285714286
Sweden,2019,0,0,0,0.2354,22714.68,1595719.0,1.04000297143706,1.476,1.617,2.326,2.889,2.855,2.97,2.355,3.256,3.388,2.188,91.69,0.17765042979942694
Sweden,2020,2,2,0,0.244,23161.78675,1585722.0,1.09692312001944,1.476,1.617,2.326,2.889,2.855,2.97,2.355,3.256,3.388,2.188,91.69,0.17765042979942694
Sweden,2021,0,0,0,0.2407,23605.962549999997,1611450.0,1.15009466283262,1.476,1.617,2.326,2.889,2.855,2.97,2.355,3.256,3.388,2.188,90.75,0.17765042979942694
Sweden,2022,1,1,0,0.2455,23618.1937,1700655.0,1.18992635880485,1.476,1.617,2.326,2.889,2.855,2.97,2.355,3.256,3.388,2.188,92.76,0.3553008595988539
Sweden,2023,0,0,0,0.2477,23708.1881,1732053.0,1.33147661923348,1.476,1.617,2.326,2.889,2.855,2.65,2.355,3.256,3.388,2.188,90.0175,0.20916905444126074
Sweden,2024,0,0,0,0.2427,22934.368025,1692706.0,1.50126036606591,1.476,1.617,2.326,2.889,2.855,2.65,2.355,3.256,3.388,2.188,89.00999999999999,0.20916905444126074
Sweden,2025,0,0,0,0.2431,22934.368025,1692706.0,1.99771738810168,1.476,1.617,2.326,2.889,2.855,2.305,2.355,3.256,3.388,2.074,87.3675,0.20916905444126074
United Kingdom,2019,2,1,1,0.32,23159.58288,13253288.0,1.94455569473457,0.7,1.586,1.348,1.928,1.97,1.884,2.096,2.452,1.925,2.274,76.75,0.015384615384615385
United Kingdom,2020,2,2,1,0.3181,23475.45315,13321199.0,1.98525373099586,0.7,1.744,1.017,1.928,1.97,1.884,2.096,2.452,1.925,2.069,77.77,0.027692307692307693
United Kingdom,2021,2,2,0,0.2992,23360.233600000003,13165017.0,2.16304030547387,0.732,1.578,1.1,2.18,1.97,1.884,2.096,2.42,2.002,2.399,82.59,0.027692307692307693
United Kingdom,2022,0,0,0,0.307,23476.9825,12540453.0,2.07241748249759,0.732,1.907,0.754,2.18,1.97,1.484,1.332,2.42,2.002,2.148,78.35,0.027692307692307693
